PARTICIPANT,ITEM,FCTASG,FCFTAGR,EPT,GROUP,Frequent,number,LIKERT,MINT
L2SPAN001,ciudad,1,1,0,L2SPANISH,f,s,5,19
L2SPAN001,hermandades,0,1,0,L2SPANISH,nf,p,3,19
L2SPAN001,oracion,1,1,0,L2SPANISH,f,s,3,19
L2SPAN001,cancion ,1,1,0,L2SPANISH,f,s,5,19
L2SPAN001,respiracion,1,1,0,L2SPANISH,nf,s,5,19
L2SPAN001,hermandad,1,1,0,L2SPANISH,nf,s,1,19
L2SPAN001,inundaciones,1,1,0,L2SPANISH,nf,p,1,19
L2SPAN001,respiraciones,1,0,0,L2SPANISH,nf,p,1,19
L2SPAN001,habitaciones,1,1,0,L2SPANISH,f,p,1,19
L2SPAN001,soledades,1,1,0,L2SPANISH,nf,p,3,19
L2SPAN001,habitacion,1,0,1,L2SPANISH,f,s,3,19
L2SPAN001,oraciones,0,0,0,L2SPANISH,f,p,5,19
L2SPAN001,soledad,1,1,0,L2SPANISH,nf,s,5,19
L2SPAN001,ciudaes,0,0,0,L2SPANISH,f,p,1,19
L2SPAN001,inundacion,1,1,0,L2SPANISH,nf,s,1,19
L2SPAN001,canciones,1,1,0,L2SPANISH,f,p,1,19
L2SPAN004,ciudad,1,1,1,L2SPANISH,f,s,7,18
L2SPAN004,hermandades,0,0,0,L2SPANISH,nf,p,1,18
L2SPAN004,oracion,1,1,1,L2SPANISH,f,s,4,18
L2SPAN004,cancion ,1,1,1,L2SPANISH,f,s,5,18
L2SPAN004,respiracion,1,1,1,L2SPANISH,nf,s,3,18
L2SPAN004,hermandad,1,0,0,L2SPANISH,nf,s,2,18
L2SPAN004,inundaciones,1,1,1,L2SPANISH,nf,p,3,18
L2SPAN004,respiraciones,1,1,1,L2SPANISH,nf,p,1,18
L2SPAN004,habitaciones,1,1,1,L2SPANISH,f,p,5,18
L2SPAN004,soledades,0,0,0,L2SPANISH,nf,p,1,18
L2SPAN004,habitacion,1,1,1,L2SPANISH,f,s,5,18
L2SPAN004,oraciones,0,1,1,L2SPANISH,f,p,4,18
L2SPAN004,soledad,1,0,0,L2SPANISH,nf,s,3,18
L2SPAN004,ciudades,1,1,1,L2SPANISH,f,p,7,18
L2SPAN004,inundacion,1,1,1,L2SPANISH,nf,s,2,18
L2SPAN004,canciones,1,1,1,L2SPANISH,f,p,5,18
L2SPAN005,ciudad,1,1,1,L2SPANISH,f,s,3,12
L2SPAN005,hermandades,0,0,0,L2SPANISH,nf,p,1,12
L2SPAN005,oracion,1,1,1,L2SPANISH,f,s,4,12
L2SPAN005,cancion ,0,1,0,L2SPANISH,f,s,2,12
L2SPAN005,respiracion,0,0,0,L2SPANISH,nf,s,1,12
L2SPAN005,hermandad,1,0,0,L2SPANISH,nf,s,1,12
L2SPAN005,inundaciones,0,1,0,L2SPANISH,nf,p,1,12
L2SPAN005,respiraciones,0,1,0,L2SPANISH,nf,p,1,12
L2SPAN005,habitaciones,0,1,1,L2SPANISH,f,p,4,12
L2SPAN005,soledades,1,0,0,L2SPANISH,nf,p,2,12
L2SPAN005,habitacion,0,1,1,L2SPANISH,f,s,4,12
L2SPAN005,oraciones,1,1,1,L2SPANISH,f,p,4,12
L2SPAN005,soledad,1,1,0,L2SPANISH,nf,s,2,12
L2SPAN005,ciudades,1,0,1,L2SPANISH,f,p,4,12
L2SPAN005,inundacion,0,0,0,L2SPANISH,nf,s,1,12
L2SPAN005,canciones,0,1,0,L2SPANISH,f,p,2,12
L2SPAN006,ciudad,1,1,1,L2SPANISH,f,s,5,27
L2SPAN006,hermandades,0,1,1,L2SPANISH,nf,p,2,27
L2SPAN006,oracion,1,1,1,L2SPANISH,f,s,6,27
L2SPAN006,cancion ,1,1,1,L2SPANISH,f,s,5,27
L2SPAN006,respiracion,1,1,1,L2SPANISH,nf,s,2,27
L2SPAN006,hermandad,1,1,1,L2SPANISH,nf,s,2,27
L2SPAN006,inundaciones,0,0,1,L2SPANISH,nf,p,3,27
L2SPAN006,respiraciones,0,1,0,L2SPANISH,nf,p,2,27
L2SPAN006,habitaciones,1,1,1,L2SPANISH,f,p,5,27
L2SPAN006,soledades,0,1,1,L2SPANISH,nf,p,3,27
L2SPAN006,habitacion,1,1,1,L2SPANISH,f,s,6,27
L2SPAN006,oraciones,1,1,1,L2SPANISH,f,p,6,27
L2SPAN006,soledad,1,1,1,L2SPANISH,nf,s,3,27
L2SPAN006,ciudades,0,1,1,L2SPANISH,f,p,5,27
L2SPAN006,inundacion,0,1,1,L2SPANISH,nf,s,3,27
L2SPAN006,canciones,1,1,1,L2SPANISH,f,p,5,27
L2SPAN007,ciudad,1,1,1,L2SPANISH,f,s,7,23
L2SPAN007,hermandades,0,1,0,L2SPANISH,nf,p,3,23
L2SPAN007,oracion,1,1,1,L2SPANISH,f,s,7,23
L2SPAN007,cancion ,1,1,1,L2SPANISH,f,s,7,23
L2SPAN007,respiracion,1,1,1,L2SPANISH,nf,s,2,23
L2SPAN007,hermandad,0,1,0,L2SPANISH,nf,s,2,23
L2SPAN007,inundaciones,1,1,0,L2SPANISH,nf,p,1,23
L2SPAN007,respiraciones,1,1,0,L2SPANISH,nf,p,2,23
L2SPAN007,habitaciones,1,1,1,L2SPANISH,f,p,6,23
L2SPAN007,soledades,0,0,0,L2SPANISH,nf,p,4,23
L2SPAN007,habitacion,1,1,1,L2SPANISH,f,s,7,23
L2SPAN007,oraciones,1,1,1,L2SPANISH,f,p,7,23
L2SPAN007,soledad,1,1,0,L2SPANISH,nf,s,4,23
L2SPAN007,ciudades,1,1,1,L2SPANISH,f,p,6,23
L2SPAN007,inundacion,1,1,1,L2SPANISH,nf,s,2,23
L2SPAN007,canciones,1,1,1,L2SPANISH,f,p,7,23
L2SPAN008,ciudad,1,1,1,L2SPANISH,f,s,4,58
L2SPAN008,hermandades,1,1,1,L2SPANISH,nf,p,1,58
L2SPAN008,oracion,1,1,1,L2SPANISH,f,s,2,58
L2SPAN008,cancion ,1,1,1,L2SPANISH,f,s,3,58
L2SPAN008,respiracion,1,1,1,L2SPANISH,nf,s,1,58
L2SPAN008,hermandad,1,1,1,L2SPANISH,nf,s,1,58
L2SPAN008,inundaciones,1,1,1,L2SPANISH,nf,p,1,58
L2SPAN008,respiraciones,1,1,1,L2SPANISH,nf,p,1,58
L2SPAN008,habitaciones,1,1,1,L2SPANISH,f,p,3,58
L2SPAN008,soledades,1,1,1,L2SPANISH,nf,p,1,58
L2SPAN008,habitacion,1,1,1,L2SPANISH,f,s,4,58
L2SPAN008,oraciones,1,1,1,L2SPANISH,f,p,2,58
L2SPAN008,soledad,1,1,1,L2SPANISH,nf,s,2,58
L2SPAN008,ciudades,1,1,1,L2SPANISH,f,p,4,58
L2SPAN008,inundacion,1,1,1,L2SPANISH,nf,s,1,58
L2SPAN008,canciones,1,1,1,L2SPANISH,f,p,3,58
L2SPAN009,ciudad,1,1,1,L2SPANISH,f,s,6,33
L2SPAN009,hermandades,0,0,0,L2SPANISH,nf,p,2,33
L2SPAN009,oracion,1,1,1,L2SPANISH,f,s,7,33
L2SPAN009,cancion ,1,1,1,L2SPANISH,f,s,4,33
L2SPAN009,respiracion,0,1,0,L2SPANISH,nf,s,3,33
L2SPAN009,hermandad,0,0,0,L2SPANISH,nf,s,2,33
L2SPAN009,inundaciones,0,0,0,L2SPANISH,nf,p,1,33
L2SPAN009,respiraciones,0,1,1,L2SPANISH,nf,p,3,33
L2SPAN009,habitaciones,0,1,1,L2SPANISH,f,p,4,33
L2SPAN009,soledades,1,1,0,L2SPANISH,nf,p,4,33
L2SPAN009,habitacion,1,1,1,L2SPANISH,f,s,4,33
L2SPAN009,oraciones,1,1,1,L2SPANISH,f,p,7,33
L2SPAN009,soledad,1,1,1,L2SPANISH,nf,s,5,33
L2SPAN009,ciudades,1,1,1,L2SPANISH,f,p,5,33
L2SPAN009,inundacion,1,1,1,L2SPANISH,nf,s,1,33
L2SPAN009,canciones,1,1,1,L2SPANISH,f,p,4,33
L2SPAN010,ciudad,1,1,1,L2SPANISH,f,s,6,35
L2SPAN010,hermandades,1,1,1,L2SPANISH,nf,p,3,35
L2SPAN010,oracion,1,1,1,L2SPANISH,f,s,2,35
L2SPAN010,cancion ,1,1,1,L2SPANISH,f,s,3,35
L2SPAN010,respiracion,1,1,1,L2SPANISH,nf,s,2,35
L2SPAN010,hermandad,1,1,1,L2SPANISH,nf,s,2,35
L2SPAN010,inundaciones,1,1,1,L2SPANISH,nf,p,2,35
L2SPAN010,respiraciones,1,1,1,L2SPANISH,nf,p,2,35
L2SPAN010,habitaciones,1,1,1,L2SPANISH,f,p,2,35
L2SPAN010,soledades,1,1,1,L2SPANISH,nf,p,3,35
L2SPAN010,habitacion,1,1,1,L2SPANISH,f,s,4,35
L2SPAN010,oraciones,1,1,1,L2SPANISH,f,p,2,35
L2SPAN010,soledad,1,1,1,L2SPANISH,nf,s,3,35
L2SPAN010,ciudades,1,1,1,L2SPANISH,f,p,4,35
L2SPAN010,inundacion,1,1,1,L2SPANISH,nf,s,2,35
L2SPAN010,canciones,1,1,1,L2SPANISH,f,p,2,35
L2SPAN011,ciudad,1,1,1,L2SPANISH,f,s,7,57
L2SPAN011,hermandades,1,1,1,L2SPANISH,nf,p,2,57
L2SPAN011,oracion,1,1,1,L2SPANISH,f,s,9,57
L2SPAN011,cancion ,1,1,1,L2SPANISH,f,s,5,57
L2SPAN011,respiracion,1,1,1,L2SPANISH,nf,s,4,57
L2SPAN011,hermandad,1,1,1,L2SPANISH,nf,s,3,57
L2SPAN011,inundaciones,1,1,1,L2SPANISH,nf,p,1,57
L2SPAN011,respiraciones,1,1,1,L2SPANISH,nf,p,1,57
L2SPAN011,habitaciones,1,1,1,L2SPANISH,f,p,7,57
L2SPAN011,soledades,1,1,1,L2SPANISH,nf,p,1,57
L2SPAN011,habitacion,1,1,1,L2SPANISH,f,s,5,57
L2SPAN011,oraciones,1,1,1,L2SPANISH,f,p,9,57
L2SPAN011,soledad,1,1,1,L2SPANISH,nf,s,3,57
L2SPAN011,ciudades,1,1,1,L2SPANISH,f,p,4,57
L2SPAN011,inundacion,1,1,1,L2SPANISH,nf,s,7,57
L2SPAN011,canciones,1,1,1,L2SPANISH,f,p,4,57
L2SPAN012,ciudad,1,1,1,L2SPANISH,f,s,4,23
L2SPAN012,hermandades,1,1,1,L2SPANISH,nf,p,2,23
L2SPAN012,oracion,1,1,1,L2SPANISH,f,s,7,23
L2SPAN012,cancion ,1,1,1,L2SPANISH,f,s,3,23
L2SPAN012,respiracion,1,1,1,L2SPANISH,nf,s,2,23
L2SPAN012,hermandad,1,0,1,L2SPANISH,nf,s,2,23
L2SPAN012,inundaciones,1,1,1,L2SPANISH,nf,p,2,23
L2SPAN012,respiraciones,1,1,1,L2SPANISH,nf,p,2,23
L2SPAN012,habitaciones,1,1,1,L2SPANISH,f,p,2,23
L2SPAN012,soledades,1,1,1,L2SPANISH,nf,p,2,23
L2SPAN012,habitacion,1,0,1,L2SPANISH,f,s,3,23
L2SPAN012,oraciones,1,1,1,L2SPANISH,f,p,3,23
L2SPAN012,soledad,1,1,1,L2SPANISH,nf,s,2,23
L2SPAN012,ciudades,1,1,1,L2SPANISH,f,p,3,23
L2SPAN012,inundacion,1,1,1,L2SPANISH,nf,s,2,23
L2SPAN012,canciones,1,1,1,L2SPANISH,f,p,3,23
L2SPAN013,ciudad,1,1,1,L2SPANISH,f,s,6,27
L2SPAN013,hermandades,0,0,0,L2SPANISH,nf,p,4,27
L2SPAN013,oracion,1,1,1,L2SPANISH,f,s,7,27
L2SPAN013,cancion ,1,1,1,L2SPANISH,f,s,5,27
L2SPAN013,respiracion,1,1,1,L2SPANISH,nf,s,3,27
L2SPAN013,hermandad,0,0,0,L2SPANISH,nf,s,3,27
L2SPAN013,inundaciones,1,0,1,L2SPANISH,nf,p,3,27
L2SPAN013,respiraciones,1,1,1,L2SPANISH,nf,p,4,27
L2SPAN013,habitaciones,1,1,1,L2SPANISH,f,p,4,27
L2SPAN013,soledades,1,1,0,L2SPANISH,nf,p,3,27
L2SPAN013,habitacion,1,1,1,L2SPANISH,f,s,5,27
L2SPAN013,oraciones,1,1,1,L2SPANISH,f,p,7,27
L2SPAN013,soledad,0,0,0,L2SPANISH,nf,s,3,27
L2SPAN013,ciudades,1,1,1,L2SPANISH,f,p,6,27
L2SPAN013,inundacion,1,1,1,L2SPANISH,nf,s,3,27
L2SPAN013,canciones,1,1,1,L2SPANISH,f,p,6,27
L2SPAN014,ciudad,0,0,0,L2SPANISH,f,s,4,14
L2SPAN014,hermandades,0,1,0,L2SPANISH,nf,p,1,14
L2SPAN014,oracion,0,0,0,L2SPANISH,f,s,3,14
L2SPAN014,cancion ,0,0,0,L2SPANISH,f,s,4,14
L2SPAN014,respiracion,0,0,0,L2SPANISH,nf,s,3,14
L2SPAN014,hermandad,0,1,0,L2SPANISH,nf,s,1,14
L2SPAN014,inundaciones,0,0,0,L2SPANISH,nf,p,1,14
L2SPAN014,respiraciones,0,0,0,L2SPANISH,nf,p,2,14
L2SPAN014,habitaciones,0,0,1,L2SPANISH,f,p,2,14
L2SPAN014,soledades,0,1,0,L2SPANISH,nf,p,1,14
L2SPAN014,habitacion,0,1,0,L2SPANISH,f,s,2,14
L2SPAN014,oraciones,0,1,1,L2SPANISH,f,p,1,14
L2SPAN014,soledad,0,0,0,L2SPANISH,nf,s,1,14
L2SPAN014,ciudades,1,1,1,L2SPANISH,f,p,4,14
L2SPAN014,inundacion,0,0,0,L2SPANISH,nf,s,1,14
L2SPAN014,canciones,0,1,0,L2SPANISH,f,p,4,14
L2ESPAN015,ciudad,1,1,1,L2SPANISH,f,s,6,26
L2ESPAN015,hermandades,0,1,0,L2SPANISH,nf,p,1,26
L2ESPAN015,oracion,1,1,0,L2SPANISH,f,s,7,26
L2ESPAN015,cancion ,1,1,0,L2SPANISH,f,s,7,26
L2ESPAN015,respiracion,1,1,1,L2SPANISH,nf,s,2,26
L2ESPAN015,hermandad,0,0,0,L2SPANISH,nf,s,1,26
L2ESPAN015,inundaciones,1,1,0,L2SPANISH,nf,p,1,26
L2ESPAN015,respiraciones,1,1,1,L2SPANISH,nf,p,4,26
L2ESPAN015,habitaciones,1,1,0,L2SPANISH,f,p,7,26
L2ESPAN015,soledades,1,1,0,L2SPANISH,nf,p,3,26
L2ESPAN015,habitacion,1,1,0,L2SPANISH,f,s,7,26
L2ESPAN015,oraciones,1,1,0,L2SPANISH,f,p,7,26
L2ESPAN015,soledad,1,1,0,L2SPANISH,nf,s,2,26
L2ESPAN015,ciudades,1,1,1,L2SPANISH,f,p,7,26
L2ESPAN015,inundacion,1,1,1,L2SPANISH,nf,s,1,26
L2ESPAN015,canciones,1,1,0,L2SPANISH,f,p,8,26
L2SPAN020,ciudad,1,1,1,L2SPANISH,f,s,5,28
L2SPAN020,hermandades,1,1,1,L2SPANISH,nf,p,1,28
L2SPAN020,oracion,1,1,1,L2SPANISH,f,s,5,28
L2SPAN020,cancion ,1,1,1,L2SPANISH,f,s,3,28
L2SPAN020,respiracion,1,1,1,L2SPANISH,nf,s,2,28
L2SPAN020,hermandad,1,1,0,L2SPANISH,nf,s,1,28
L2SPAN020,inundaciones,1,1,1,L2SPANISH,nf,p,2,28
L2SPAN020,respiraciones,1,1,1,L2SPANISH,nf,p,2,28
L2SPAN020,habitaciones,1,1,1,L2SPANISH,f,p,2,28
L2SPAN020,soledades,1,1,1,L2SPANISH,nf,p,2,28
L2SPAN020,habitacion,1,1,1,L2SPANISH,f,s,3,28
L2SPAN020,oraciones,1,1,1,L2SPANISH,f,p,5,28
L2SPAN020,soledad,1,1,1,L2SPANISH,nf,s,2,28
L2SPAN020,ciudades,1,1,1,L2SPANISH,f,p,5,28
L2SPAN020,inundacion,1,1,1,L2SPANISH,nf,s,2,28
L2SPAN020,canciones,1,1,0,L2SPANISH,f,p,3,28
L2SPAN021,ciudad,1,1,0,L2SPANISH,f,s,7,19
L2SPAN021,hermandades,0,1,0,L2SPANISH,nf,p,5,19
L2SPAN021,oracion,1,0,0,L2SPANISH,f,s,7,19
L2SPAN021,cancion ,1,1,0,L2SPANISH,f,s,7,19
L2SPAN021,respiracion,1,1,0,L2SPANISH,nf,s,5,19
L2SPAN021,hermandad,1,1,1,L2SPANISH,nf,s,5,19
L2SPAN021,inundaciones,0,0,0,L2SPANISH,nf,p,5,19
L2SPAN021,respiraciones,1,1,0,L2SPANISH,nf,p,4,19
L2SPAN021,habitaciones,0,1,0,L2SPANISH,f,p,5,19
L2SPAN021,soledades,0,1,0,L2SPANISH,nf,p,6,19
L2SPAN021,habitacion,1,1,0,L2SPANISH,f,s,6,19
L2SPAN021,oraciones,0,1,1,L2SPANISH,f,p,8,19
L2SPAN021,soledad,1,0,0,L2SPANISH,nf,s,6,19
L2SPAN021,ciudades,1,1,0,L2SPANISH,f,p,7,19
L2SPAN021,inundacion,0,1,0,L2SPANISH,nf,s,5,19
L2SPAN021,canciones,1,1,0,L2SPANISH,f,p,7,19
L2SPAN022,ciudad,1,1,0,L2SPANISH,f,s,7,31
L2SPAN022,hermandades,1,0,0,L2SPANISH,nf,p,1,31
L2SPAN022,oracion,1,1,1,L2SPANISH,f,s,4,31
L2SPAN022,cancion ,1,1,1,L2SPANISH,f,s,8,31
L2SPAN022,respiracion,1,1,1,L2SPANISH,nf,s,2,31
L2SPAN022,hermandad,1,0,0,L2SPANISH,nf,s,1,31
L2SPAN022,inundaciones,1,1,1,L2SPANISH,nf,p,1,31
L2SPAN022,respiraciones,1,1,1,L2SPANISH,nf,p,3,31
L2SPAN022,habitaciones,1,1,1,L2SPANISH,f,p,3,31
L2SPAN022,soledades,1,0,0,L2SPANISH,nf,p,6,31
L2SPAN022,habitacion,1,1,1,L2SPANISH,f,s,6,31
L2SPAN022,oraciones,1,1,1,L2SPANISH,f,p,3,31
L2SPAN022,soledad,0,0,0,L2SPANISH,nf,s,7,31
L2SPAN022,ciudades,0,0,0,L2SPANISH,f,p,7,31
L2SPAN022,inundacion,1,1,1,L2SPANISH,nf,s,1,31
L2SPAN022,canciones,1,1,1,L2SPANISH,f,p,9,31
L2SPAN024,ciudad,1,1,1,L2SPANISH,f,s,4,12
L2SPAN024,hermandades,1,1,1,L2SPANISH,nf,p,1,12
L2SPAN024,oracion,1,1,0,L2SPANISH,f,s,1,12
L2SPAN024,cancion ,1,1,1,L2SPANISH,f,s,3,12
L2SPAN024,respiracion,0,0,0,L2SPANISH,nf,s,2,12
L2SPAN024,hermandad,1,0,0,L2SPANISH,nf,s,1,12
L2SPAN024,inundaciones,0,1,0,L2SPANISH,nf,p,1,12
L2SPAN024,respiraciones,0,0,0,L2SPANISH,nf,p,2,12
L2SPAN024,habitaciones,1,1,1,L2SPANISH,f,p,1,12
L2SPAN024,soledades,0,1,1,L2SPANISH,nf,p,2,12
L2SPAN024,habitacion,1,1,1,L2SPANISH,f,s,2,12
L2SPAN024,oraciones,1,1,1,L2SPANISH,f,p,1,12
L2SPAN024,soledad,0,0,0,L2SPANISH,nf,s,1,12
L2SPAN024,ciudades,1,0,1,L2SPANISH,f,p,4,12
L2SPAN024,inundacion,0,1,0,L2SPANISH,nf,s,1,12
L2SPAN024,canciones,0,1,1,L2SPANISH,f,p,4,12
L2SPAN025,ciudad,1,1,1,L2SPANISH,f,s,6,34
L2SPAN025,hermandades,1,1,0,L2SPANISH,nf,p,1,34
L2SPAN025,oracion,1,1,1,L2SPANISH,f,s,8,34
L2SPAN025,cancion ,1,1,1,L2SPANISH,f,s,6,34
L2SPAN025,respiracion,1,1,1,L2SPANISH,nf,s,1,34
L2SPAN025,hermandad,1,1,1,L2SPANISH,nf,s,1,34
L2SPAN025,inundaciones,1,1,0,L2SPANISH,nf,p,1,34
L2SPAN025,respiraciones,1,1,1,L2SPANISH,nf,p,1,34
L2SPAN025,habitaciones,1,1,1,L2SPANISH,f,p,3,34
L2SPAN025,soledades,1,1,1,L2SPANISH,nf,p,1,34
L2SPAN025,habitacion,1,1,1,L2SPANISH,f,s,8,34
L2SPAN025,oraciones,1,1,0,L2SPANISH,f,p,7,34
L2SPAN025,soledad,1,1,1,L2SPANISH,nf,s,1,34
L2SPAN025,ciudades,1,1,1,L2SPANISH,f,p,5,34
L2SPAN025,inundacion,1,1,1,L2SPANISH,nf,s,1,34
L2SPAN025,canciones,1,1,1,L2SPANISH,f,p,5,34
L2SPAN026,ciudad,1,1,1,L2SPANISH,f,s,7,40
L2SPAN026,hermandades,1,1,1,L2SPANISH,nf,p,1,40
L2SPAN026,oracion,1,1,1,L2SPANISH,f,s,5,40
L2SPAN026,cancion ,1,1,1,L2SPANISH,f,s,6,40
L2SPAN026,respiracion,1,1,1,L2SPANISH,nf,s,4,40
L2SPAN026,hermandad,1,1,1,L2SPANISH,nf,s,1,40
L2SPAN026,inundaciones,1,1,1,L2SPANISH,nf,p,4,40
L2SPAN026,respiraciones,1,1,1,L2SPANISH,nf,p,4,40
L2SPAN026,habitaciones,1,1,1,L2SPANISH,f,p,3,40
L2SPAN026,soledades,1,1,1,L2SPANISH,nf,p,2,40
L2SPAN026,habitacion,1,1,1,L2SPANISH,f,s,5,40
L2SPAN026,oraciones,1,1,1,L2SPANISH,f,p,4,40
L2SPAN026,soledad,1,1,1,L2SPANISH,nf,s,4,40
L2SPAN026,ciudades,1,1,1,L2SPANISH,f,p,6,40
L2SPAN026,inundacion,1,1,1,L2SPANISH,nf,s,4,40
L2SPAN026,canciones,0,1,1,L2SPANISH,f,p,4,40
L2SPAN027,ciudad,1,1,1,L2SPANISH,f,s,5,37
L2SPAN027,hermandades,1,1,1,L2SPANISH,nf,p,2,37
L2SPAN027,oracion,1,1,1,L2SPANISH,f,s,7,37
L2SPAN027,cancion ,1,1,1,L2SPANISH,f,s,5,37
L2SPAN027,respiracion,1,1,1,L2SPANISH,nf,s,5,37
L2SPAN027,hermandad,1,1,1,L2SPANISH,nf,s,2,37
L2SPAN027,inundaciones,1,1,1,L2SPANISH,nf,p,2,37
L2SPAN027,respiraciones,1,1,1,L2SPANISH,nf,p,4,37
L2SPAN027,habitaciones,1,1,1,L2SPANISH,f,p,5,37
L2SPAN027,soledades,1,1,1,L2SPANISH,nf,p,2,37
L2SPAN027,habitacion,1,1,1,L2SPANISH,f,s,6,37
L2SPAN027,oraciones,1,1,1,L2SPANISH,f,p,5,37
L2SPAN027,soledad,1,1,1,L2SPANISH,nf,s,4,37
L2SPAN027,ciudades,1,1,1,L2SPANISH,f,p,5,37
L2SPAN027,inundacion,1,1,1,L2SPANISH,nf,s,2,37
L2SPAN027,canciones,1,1,1,L2SPANISH,f,p,5,37
L2SPAN028,ciudad,1,1,0,L2SPANISH,f,s,5,17
L2SPAN028,hermandades,0,0,0,L2SPANISH,nf,p,1,17
L2SPAN028,oracion,1,1,0,L2SPANISH,f,s,5,17
L2SPAN028,cancion ,1,1,0,L2SPANISH,f,s,9,17
L2SPAN028,respiracion,1,1,0,L2SPANISH,nf,s,2,17
L2SPAN028,hermandad,1,0,0,L2SPANISH,nf,s,1,17
L2SPAN028,inundaciones,1,0,0,L2SPANISH,nf,p,1,17
L2SPAN028,respiraciones,1,0,0,L2SPANISH,nf,p,2,17
L2SPAN028,habitaciones,1,1,0,L2SPANISH,f,p,5,17
L2SPAN028,soledades,0,0,0,L2SPANISH,nf,p,1,17
L2SPAN028,habitacion,1,1,0,L2SPANISH,f,s,5,17
L2SPAN028,oraciones,1,1,0,L2SPANISH,f,p,6,17
L2SPAN028,soledad,1,0,0,L2SPANISH,nf,s,1,17
L2SPAN028,ciudades,1,1,0,L2SPANISH,f,p,5,17
L2SPAN028,inundacion,1,0,0,L2SPANISH,nf,s,1,17
L2SPAN028,canciones,0,0,0,L2SPANISH,f,p,8,17
L2SPAN029,ciudad,1,1,1,L2SPANISH,f,s,5,13
L2SPAN029,hermandades,1,1,1,L2SPANISH,nf,p,1,13
L2SPAN029,oracion,1,1,1,L2SPANISH,f,s,4,13
L2SPAN029,cancion ,1,1,1,L2SPANISH,f,s,9,13
L2SPAN029,respiracion,1,1,0,L2SPANISH,nf,s,2,13
L2SPAN029,hermandad,1,1,1,L2SPANISH,nf,s,1,13
L2SPAN029,inundaciones,0,0,0,L2SPANISH,nf,p,1,13
L2SPAN029,respiraciones,1,1,1,L2SPANISH,nf,p,2,13
L2SPAN029,habitaciones,0,0,0,L2SPANISH,f,p,5,13
L2SPAN029,soledades,1,0,0,L2SPANISH,nf,p,1,13
L2SPAN029,habitacion,0,1,0,L2SPANISH,f,s,5,13
L2SPAN029,oraciones,1,1,1,L2SPANISH,f,p,6,13
L2SPAN029,soledad,0,0,0,L2SPANISH,nf,s,1,13
L2SPAN029,ciudades,1,1,1,L2SPANISH,f,p,5,13
L2SPAN029,inundacion,0,0,0,L2SPANISH,nf,s,1,13
L2SPAN029,canciones,1,1,1,L2SPANISH,f,p,8,13
L2SPAN030,ciudad,1,1,0,L2SPANISH,f,s,6,16
L2SPAN030,hermandades,1,1,1,L2SPANISH,nf,p,1,16
L2SPAN030,oracion,1,1,1,L2SPANISH,f,s,8,16
L2SPAN030,cancion ,1,1,0,L2SPANISH,f,s,6,16
L2SPAN030,respiracion,1,1,0,L2SPANISH,nf,s,1,16
L2SPAN030,hermandad,1,1,1,L2SPANISH,nf,s,1,16
L2SPAN030,inundaciones,1,1,1,L2SPANISH,nf,p,1,16
L2SPAN030,respiraciones,1,1,1,L2SPANISH,nf,p,1,16
L2SPAN030,habitaciones,1,1,0,L2SPANISH,f,p,3,16
L2SPAN030,soledades,1,1,0,L2SPANISH,nf,p,1,16
L2SPAN030,habitacion,1,1,0,L2SPANISH,f,s,8,16
L2SPAN030,oraciones,1,1,1,L2SPANISH,f,p,7,16
L2SPAN030,soledad,1,1,0,L2SPANISH,nf,s,1,16
L2SPAN030,ciudades,1,1,0,L2SPANISH,f,p,5,16
L2SPAN030,inundacion,1,1,0,L2SPANISH,nf,s,1,16
L2SPAN030,canciones,1,1,1,L2SPANISH,f,p,5,16
L2SPAN032,ciudad,1,1,1,L2SPANISH,f,s,4,20
L2SPAN032,hermandades,1,1,0,L2SPANISH,nf,p,1,20
L2SPAN032,oracion,0,0,0,L2SPANISH,f,s,5,20
L2SPAN032,cancion ,1,0,0,L2SPANISH,f,s,5,20
L2SPAN032,respiracion,0,1,0,L2SPANISH,nf,s,2,20
L2SPAN032,hermandad,1,1,0,L2SPANISH,nf,s,1,20
L2SPAN032,inundaciones,1,`,0,L2SPANISH,nf,p,2,20
L2SPAN032,respiraciones,0,0,1,L2SPANISH,nf,p,2,20
L2SPAN032,habitaciones,0,0,0,L2SPANISH,f,p,4,20
L2SPAN032,soledades,1,0,0,L2SPANISH,nf,p,1,20
L2SPAN032,habitacion,0,1,0,L2SPANISH,f,s,5,20
L2SPAN032,oraciones,0,1,0,L2SPANISH,f,p,6,20
L2SPAN032,soledad,0,0,0,L2SPANISH,nf,s,1,20
L2SPAN032,ciudades,0,0,1,L2SPANISH,f,p,5,20
L2SPAN032,inundacion,1,0,0,L2SPANISH,nf,s,1,20
L2SPAN032,canciones,0,0,0,L2SPANISH,f,p,6,20
L2SPAN036,ciudad,1,0,1,L2SPANISH,f,s,5,13
L2SPAN036,hermandades,0,0,0,L2SPANISH,nf,p,2,13
L2SPAN036,oracion,0,0,0,L2SPANISH,f,s,3,13
L2SPAN036,cancion ,0,0,1,L2SPANISH,f,s,3,13
L2SPAN036,respiracion,0,0,0,L2SPANISH,nf,s,1,13
L2SPAN036,hermandad,0,1,1,L2SPANISH,nf,s,2,13
L2SPAN036,inundaciones,1,1,0,L2SPANISH,nf,p,2,13
L2SPAN036,respiraciones,0,0,1,L2SPANISH,nf,p,4,13
L2SPAN036,habitaciones,0,0,1,L2SPANISH,f,p,5,13
L2SPAN036,soledades,0,1,0,L2SPANISH,nf,p,2,13
L2SPAN036,habitacion,1,1,0,L2SPANISH,f,s,5,13
L2SPAN036,oraciones,0,0,0,L2SPANISH,f,p,6,13
L2SPAN036,soledad,1,1,0,L2SPANISH,nf,s,2,13
L2SPAN036,ciudades,1,0,1,L2SPANISH,f,p,6,13
L2SPAN036,inundacion,0,0,0,L2SPANISH,nf,s,3,13
L2SPAN036,canciones,1,0,1,L2SPANISH,f,p,7,13
L2SPAN037,ciudad,1,1,1,L2SPANISH,f,s,6,16
L2SPAN037,hermandades,0,0,0,L2SPANISH,nf,p,3,16
L2SPAN037,oracion,0,0,0,L2SPANISH,f,s,6,16
L2SPAN037,cancion ,1,0,0,L2SPANISH,f,s,6,16
L2SPAN037,respiracion,0,0,1,L2SPANISH,nf,s,2,16
L2SPAN037,hermandad,0,0,0,L2SPANISH,nf,s,1,16
L2SPAN037,inundaciones,0,0,1,L2SPANISH,nf,p,2,16
L2SPAN037,respiraciones,0,0,0,L2SPANISH,nf,p,2,16
L2SPAN037,habitaciones,0,0,0,L2SPANISH,f,p,4,16
L2SPAN037,soledades,0,0,0,L2SPANISH,nf,p,3,16
L2SPAN037,habitacion,0,0,0,L2SPANISH,f,s,5,16
L2SPAN037,oraciones,0,0,0,L2SPANISH,f,p,5,16
L2SPAN037,soledad,0,0,0,L2SPANISH,nf,s,2,16
L2SPAN037,ciudades,1,1,1,L2SPANISH,f,p,6,16
L2SPAN037,inundacion,0,0,0,L2SPANISH,nf,s,2,16
L2SPAN037,canciones,1,0,0,L2SPANISH,f,p,5,16
L2SPAN038,ciudad,1,1,1,L2SPANISH,f,s,7,35
L2SPAN038,hermandades,1,1,0,L2SPANISH,nf,p,5,35
L2SPAN038,oracion,1,1,1,L2SPANISH,f,s,8,35
L2SPAN038,cancion ,1,1,1,L2SPANISH,f,s,8,35
L2SPAN038,respiracion,1,1,1,L2SPANISH,nf,s,6,35
L2SPAN038,hermandad,1,1,1,L2SPANISH,nf,s,3,35
L2SPAN038,inundaciones,1,1,0,L2SPANISH,nf,p,3,35
L2SPAN038,respiraciones,1,1,0,L2SPANISH,nf,p,3,35
L2SPAN038,habitaciones,1,1,1,L2SPANISH,f,p,6,35
L2SPAN038,soledades,1,1,1,L2SPANISH,nf,p,2,35
L2SPAN038,habitacion,1,1,1,L2SPANISH,f,s,7,35
L2SPAN038,oraciones,1,1,1,L2SPANISH,f,p,7,35
L2SPAN038,soledad,1,1,1,L2SPANISH,nf,s,2,35
L2SPAN038,ciudades,0,1,1,L2SPANISH,f,p,7,35
L2SPAN038,inundacion,1,1,1,L2SPANISH,nf,s,3,35
L2SPAN038,canciones,1,1,1,L2SPANISH,f,p,7,35
L2SPAN040,ciudad,1,0,1,L2SPANISH,f,s,8,26
L2SPAN040,hermandades,0,0,0,L2SPANISH,nf,p,2,26
L2SPAN040,oracion,1,1,0,L2SPANISH,f,s,7,26
L2SPAN040,cancion ,1,0,1,L2SPANISH,f,s,7,26
L2SPAN040,respiracion,1,1,0,L2SPANISH,nf,s,2,26
L2SPAN040,hermandad,0,0,0,L2SPANISH,nf,s,2,26
L2SPAN040,inundaciones,1,1,0,L2SPANISH,nf,p,3,26
L2SPAN040,respiraciones,0,0,1,L2SPANISH,nf,p,3,26
L2SPAN040,habitaciones,0,0,0,L2SPANISH,f,p,6,26
L2SPAN040,soledades,0,0,0,L2SPANISH,nf,p,2,26
L2SPAN040,habitacion,0,0,0,L2SPANISH,f,s,6,26
L2SPAN040,oraciones,0,0,0,L2SPANISH,f,p,7,26
L2SPAN040,soledad,0,0,0,L2SPANISH,nf,s,2,26
L2SPAN040,ciudades,0,0,1,L2SPANISH,f,p,7,26
L2SPAN040,inundacion,1,0,0,L2SPANISH,nf,s,2,26
L2SPAN040,canciones,0,0,1,L2SPANISH,f,p,6,26
L2SPAN041,ciudad,1,1,1,L2SPANISH,f,s,9,20
L2SPAN041,hermandades,0,0,0,L2SPANISH,nf,p,1,20
L2SPAN041,oracion,0,0,0,L2SPANISH,f,s,5,20
L2SPAN041,cancion ,1,0,0,L2SPANISH,f,s,5,20
L2SPAN041,respiracion,1,0,0,L2SPANISH,nf,s,1,20
L2SPAN041,hermandad,1,1,0,L2SPANISH,nf,s,1,20
L2SPAN041,inundaciones,1,0,0,L2SPANISH,nf,p,1,20
L2SPAN041,respiraciones,1,0,0,L2SPANISH,nf,p,1,20
L2SPAN041,habitaciones,0,1,0,L2SPANISH,f,p,4,20
L2SPAN041,soledades,0,1,0,L2SPANISH,nf,p,1,20
L2SPAN041,habitacion,1,1,1,L2SPANISH,f,s,5,20
L2SPAN041,oraciones,1,1,0,L2SPANISH,f,p,5,20
L2SPAN041,soledad,0,1,0,L2SPANISH,nf,s,1,20
L2SPAN041,ciudades,1,1,1,L2SPANISH,f,p,6,20
L2SPAN041,inundacion,1,1,0,L2SPANISH,nf,s,2,20
L2SPAN041,canciones,1,0,0,L2SPANISH,f,p,6,20
L2SPAN042,ciudad,1,1,1,L2SPANISH,f,s,6,15
L2SPAN042,hermandades,0,0,0,L2SPANISH,nf,p,2,15
L2SPAN042,oracion,1,1,0,L2SPANISH,f,s,6,15
L2SPAN042,cancion ,1,1,1,L2SPANISH,f,s,6,15
L2SPAN042,respiracion,1,1,0,L2SPANISH,nf,s,7,15
L2SPAN042,hermandad,0,0,0,L2SPANISH,nf,s,2,15
L2SPAN042,inundaciones,1,1,1,L2SPANISH,nf,p,2,15
L2SPAN042,respiraciones,0,0,0,L2SPANISH,nf,p,2,15
L2SPAN042,habitaciones,0,0,1,L2SPANISH,f,p,6,15
L2SPAN042,soledades,0,0,1,L2SPANISH,nf,p,2,15
L2SPAN042,habitacion,0,0,0,L2SPANISH,f,s,6,15
L2SPAN042,oraciones,0,0,0,L2SPANISH,f,p,5,15
L2SPAN042,soledad,0,0,1,L2SPANISH,nf,s,2,15
L2SPAN042,ciudades,0,0,0,L2SPANISH,f,p,7,15
L2SPAN042,inundacion,1,0,1,L2SPANISH,nf,s,2,15
L2SPAN042,canciones,0,0,1,L2SPANISH,f,p,7,15
L2HEB001,naal,1,1,1,L2HEB,f,s,7,38
L2HEB001,eben,0,0,0,L2HEB,nf,s,2,38
L2HEB001,abanim,0,0,0,L2HEB,nf,p,2,38
L2HEB001,gfanim,0,0,0,L2HEB,nf,p,2,38
L2HEB001,naalaim,1,1,1,L2HEB,f,p,7,38
L2HEB001,kikar,0,0,0,L2HEB,nf,s,2,38
L2HEB001,derej,1,1,1,L2HEB,f,s,7,38
L2HEB001,jatzerim,0,0,0,L2HEB,nf,p,3,38
L2HEB001,guefen,0,0,0,L2HEB,nf,s,2,38
L2HEB001,raglaim,1,1,1,L2HEB,f,p,7,38
L2HEB001,drajim,1,1,1,L2HEB,f,p,2,38
L2HEB001,ir,1,1,1,L2HEB,f,s,7,38
L2HEB001,reguel,1,1,1,L2HEB,f,s,7,38
L2HEB001,kikarim,0,0,0,L2HEB,nf,p,2,38
L2HEB001,jatzer,0,0,0,L2HEB,nf,s,5,38
L2HEB001,arim,1,1,1,L2HEB,f,p,2,38
L2HEB002,naal,0,1,0,L2HEB,f,s,3,14
L2HEB002,eben,0,0,0,L2HEB,nf,s,1,14
L2HEB002,abanim,0,0,0,L2HEB,nf,p,1,14
L2HEB002,gfanim,0,0,0,L2HEB,nf,p,2,14
L2HEB002,naalaim,0,1,0,L2HEB,f,p,3,14
L2HEB002,kikar,0,0,0,L2HEB,nf,s,1,14
L2HEB002,derej,1,1,1,L2HEB,f,s,3,14
L2HEB002,jatzerim,0,0,0,L2HEB,nf,p,1,14
L2HEB002,guefen,0,1,0,L2HEB,nf,s,2,14
L2HEB002,raglaim,1,1,1,L2HEB,f,p,3,14
L2HEB002,drajim,0,0,0,L2HEB,f,p,1,14
L2HEB002,ir,1,1,0,L2HEB,f,s,5,14
L2HEB002,reguel,1,1,1,L2HEB,f,s,3,14
L2HEB002,kikarim,0,1,0,L2HEB,nf,p,1,14
L2HEB002,jatzer,0,0,0,L2HEB,nf,s,2,14
L2HEB002,arim,0,0,0,L2HEB,f,p,3,14
L2HEB003,naal,1,0,0,L2HEB,f,s,2,12
L2HEB003,eben,0,0,0,L2HEB,nf,s,3,12
L2HEB003,abanim,0,0,0,L2HEB,nf,p,4,12
L2HEB003,gfanim,0,0,0,L2HEB,nf,p,2,12
L2HEB003,naalaim,1,1,1,L2HEB,f,p,4,12
L2HEB003,kikar,1,0,0,L2HEB,nf,s,3,12
L2HEB003,derej,0,1,0,L2HEB,f,s,6,12
L2HEB003,jatzerim,1,0,0,L2HEB,nf,p,2,12
L2HEB003,guefen,0,0,0,L2HEB,nf,s,5,12
L2HEB003,raglaim,1,1,1,L2HEB,f,p,3,12
L2HEB003,drajim,0,0,0,L2HEB,f,p,3,12
L2HEB003,ir,1,1,1,L2HEB,f,s,7,12
L2HEB003,reguel,1,0,0,L2HEB,f,s,4,12
L2HEB003,kikarim,0,0,0,L2HEB,nf,p,3,12
L2HEB003,jatzer,0,0,0,L2HEB,nf,s,2,12
L2HEB003,arim,1,1,1,L2HEB,f,p,5,12
L2HEB004,naal,0,1,0,L2HEB,f,s,6,10
L2HEB004,eben,0,0,0,L2HEB,nf,s,4,10
L2HEB004,abanim,0,0,0,L2HEB,nf,p,3,10
L2HEB004,gfanim,0,0,0,L2HEB,nf,p,3,10
L2HEB004,naalaim,0,1,0,L2HEB,f,p,5,10
L2HEB004,kikar,0,0,0,L2HEB,nf,s,4,10
L2HEB004,derej,0,0,0,L2HEB,f,s,7,10
L2HEB004,jatzerim,0,0,0,L2HEB,nf,p,4,10
L2HEB004,guefen,0,0,0,L2HEB,nf,s,4,10
L2HEB004,raglaim,0,1,0,L2HEB,f,p,4,10
L2HEB004,drajim,0,0,0,L2HEB,f,p,3,10
L2HEB004,ir,1,1,0,L2HEB,f,s,6,10
L2HEB004,reguel,0,0,0,L2HEB,f,s,5,10
L2HEB004,kikarim,0,0,0,L2HEB,nf,p,3,10
L2HEB004,jatzer,0,0,0,L2HEB,nf,s,4,10
L2HEB004,arim,0,0,0,L2HEB,f,p,4,10
L2HEB005,naal,0,0,0,L2HEB,f,s,5,24
L2HEB005,eben,0,0,0,L2HEB,nf,s,2,24
L2HEB005,abanim,0,0,0,L2HEB,nf,p,4,24
L2HEB005,gfanim,0,0,0,L2HEB,nf,p,1,24
L2HEB005,naalaim,0,0,0,L2HEB,f,p,4,24
L2HEB005,kikar,0,0,0,L2HEB,nf,s,3,24
L2HEB005,derej,0,1,0,L2HEB,f,s,6,24
L2HEB005,jatzerim,0,0,0,L2HEB,nf,p,3,24
L2HEB005,guefen,0,0,0,L2HEB,nf,s,7,24
L2HEB005,raglaim,0,0,0,L2HEB,f,p,5,24
L2HEB005,drajim,0,0,0,L2HEB,f,p,5,24
L2HEB005,ir,1,1,0,L2HEB,f,s,6,24
L2HEB005,reguel,0,0,0,L2HEB,f,s,5,24
L2HEB005,kikarim,0,0,0,L2HEB,nf,p,3,24
L2HEB005,jatzer,0,0,0,L2HEB,nf,s,5,24
L2HEB005,arim,1,1,0,L2HEB,f,p,4,24
L2HEB006,naal,0,0,0,L2HEB,f,s,3,14
L2HEB006,eben,0,0,0,L2HEB,nf,s,2,14
L2HEB006,abanim,0,0,0,L2HEB,nf,p,2,14
L2HEB006,gfanim,0,0,0,L2HEB,nf,p,1,14
L2HEB006,naalaim,0,0,0,L2HEB,f,p,3,14
L2HEB006,kikar,0,0,0,L2HEB,nf,s,1,14
L2HEB006,derej,0,0,0,L2HEB,f,s,4,14
L2HEB006,jatzerim,0,0,0,L2HEB,nf,p,3,14
L2HEB006,guefen,0,0,0,L2HEB,nf,s,1,14
L2HEB006,raglaim,0,0,0,L2HEB,f,p,3,14
L2HEB006,drajim,0,0,0,L2HEB,f,p,3,14
L2HEB006,ir,1,1,1,L2HEB,f,s,5,14
L2HEB006,reguel,0,0,0,L2HEB,f,s,3,14
L2HEB006,kikarim,0,0,0,L2HEB,nf,p,2,14
L2HEB006,jatzer,0,0,0,L2HEB,nf,s,2,14
L2HEB006,arim,1,0,1,L2HEB,f,p,3,14
L2HEB007,naal,1,1,1,L2HEB,f,s,8,20
L2HEB007,eben,0,0,1,L2HEB,nf,s,5,20
L2HEB007,abanim,1,1,0,L2HEB,nf,p,7,20
L2HEB007,gfanim,0,0,0,L2HEB,nf,p,2,20
L2HEB007,naalaim,0,0,0,L2HEB,f,p,9,20
L2HEB007,kikar,0,0,,L2HEB,nf,s,2,20
L2HEB007,derej,0,0,0,L2HEB,f,s,9,20
L2HEB007,jatzerim,0,0,0,L2HEB,nf,p,2,20
L2HEB007,guefen,0,0,0,L2HEB,nf,s,7,20
L2HEB007,raglaim,0,0,0,L2HEB,f,p,9,20
L2HEB007,drajim,0,0,0,L2HEB,f,p,5,20
L2HEB007,ir,1,1,0,L2HEB,f,s,9,20
L2HEB007,reguel,0,0,0,L2HEB,f,s,8,20
L2HEB007,kikarim,0,0,0,L2HEB,nf,p,4,20
L2HEB007,jatzer,0,0,0,L2HEB,nf,s,4,20
L2HEB007,arim,1,1,0,L2HEB,f,p,8,20
L2HEB008,naal,0,1,0,L2HEB,f,s,5,5
L2HEB008,eben,0,0,0,L2HEB,nf,s,5,5
L2HEB008,abanim,0,0,0,L2HEB,nf,p,7,5
L2HEB008,gfanim,0,0,0,L2HEB,nf,p,7,5
L2HEB008,naalaim,0,0,0,L2HEB,f,p,9,5
L2HEB008,kikar,0,0,1,L2HEB,nf,s,5,5
L2HEB008,derej,0,0,0,L2HEB,f,s,7,5
L2HEB008,jatzerim,0,0,0,L2HEB,nf,p,4,5
L2HEB008,guefen,0,1,0,L2HEB,nf,s,9,5
L2HEB008,raglaim,0,1,0,L2HEB,f,p,9,5
L2HEB008,drajim,1,1,0,L2HEB,f,p,6,5
L2HEB008,ir,0,0,0,L2HEB,f,s,7,5
L2HEB008,reguel,0,1,0,L2HEB,f,s,6,5
L2HEB008,kikarim,0,0,0,L2HEB,nf,p,9,5
L2HEB008,jatzer,0,1,0,L2HEB,nf,s,5,5
L2HEB008,arim,0,0,0,L2HEB,f,p,4,5
L2HEB009,naal,1,1,0,L2HEB,f,s,3,11
L2HEB009,eben,1,0,0,L2HEB,nf,s,3,11
L2HEB009,abanim,1,0,0,L2HEB,nf,p,3,11
L2HEB009,gfanim,0,0,0,L2HEB,nf,p,2,11
L2HEB009,naalaim,0,0,0,L2HEB,f,p,2,11
L2HEB009,kikar,0,0,0,L2HEB,nf,s,2,11
L2HEB009,derej,0,0,0,L2HEB,f,s,6,11
L2HEB009,jatzerim,0,0,0,L2HEB,nf,p,4,11
L2HEB009,guefen,1,1,0,L2HEB,nf,s,2,11
L2HEB009,raglaim,0,0,0,L2HEB,f,p,7,11
L2HEB009,drajim,0,0,0,L2HEB,f,p,4,11
L2HEB009,ir,1,1,1,L2HEB,f,s,5,11
L2HEB009,reguel,0,0,0,L2HEB,f,s,7,11
L2HEB009,kikarim,0,0,0,L2HEB,nf,p,2,11
L2HEB009,jatzer,0,0,0,L2HEB,nf,s,4,11
L2HEB009,arim,1,1,1,L2HEB,f,p,5,11
L2HEB010,naal,0,0,0,L2HEB,f,s,9,25
L2HEB010,eben,0,0,0,L2HEB,nf,s,2,25
L2HEB010,abanim,0,0,0,L2HEB,nf,p,2,25
L2HEB010,gfanim,0,0,0,L2HEB,nf,p,1,25
L2HEB010,naalaim,0,0,0,L2HEB,f,p,9,25
L2HEB010,kikar,0,0,0,L2HEB,nf,s,7,25
L2HEB010,derej,0,0,0,L2HEB,f,s,9,25
L2HEB010,jatzerim,0,0,0,L2HEB,nf,p,2,25
L2HEB010,guefen,0,1,0,L2HEB,nf,s,1,25
L2HEB010,raglaim,0,0,0,L2HEB,f,p,9,25
L2HEB010,drajim,0,0,0,L2HEB,f,p,9,25
L2HEB010,ir,0,0,0,L2HEB,f,s,7,25
L2HEB010,reguel,0,0,0,L2HEB,f,s,9,25
L2HEB010,kikarim,0,0,0,L2HEB,nf,p,7,25
L2HEB010,jatzer,0,0,0,L2HEB,nf,s,2,25
L2HEB010,arim,0,0,0,L2HEB,f,p,7,25
L2HEB011,naal,0,1,1,L2HEB,f,s,6,19
L2HEB011,eben,0,0,0,L2HEB,nf,s,2,19
L2HEB011,abanim,0,0,0,L2HEB,nf,p,1,19
L2HEB011,gfanim,0,0,0,L2HEB,nf,p,1,19
L2HEB011,naalaim,1,1,1,L2HEB,f,p,6,19
L2HEB011,kikar,1,0,0,L2HEB,nf,s,3,19
L2HEB011,derej,1,1,0,L2HEB,f,s,5,19
L2HEB011,jatzerim,0,0,0,L2HEB,nf,p,1,19
L2HEB011,guefen,0,1,0,L2HEB,nf,s,1,19
L2HEB011,raglaim,1,1,1,L2HEB,f,p,6,19
L2HEB011,drajim,1,1,0,L2HEB,f,p,2,19
L2HEB011,ir,1,1,1,L2HEB,f,s,5,19
L2HEB011,reguel,1,1,1,L2HEB,f,s,6,19
L2HEB011,kikarim,1,1,0,L2HEB,nf,p,1,19
L2HEB011,jatzer,0,0,0,L2HEB,nf,s,1,19
L2HEB011,arim,1,1,1,L2HEB,f,p,3,19
L2HEB012,naal,1,1,1,L2HEB,f,s,7,31
L2HEB012,eben,1,1,1,L2HEB,nf,s,4,31
L2HEB012,abanim,1,1,1,L2HEB,nf,p,5,31
L2HEB012,gfanim,0,0,0,L2HEB,nf,p,2,31
L2HEB012,naalaim,1,1,1,L2HEB,f,p,8,31
L2HEB012,kikar,0,0,0,L2HEB,nf,s,5,31
L2HEB012,derej,1,1,1,L2HEB,f,s,6,31
L2HEB012,jatzerim,0,0,0,L2HEB,nf,p,3,31
L2HEB012,guefen,1,1,0,L2HEB,nf,s,3,31
L2HEB012,raglaim,1,1,1,L2HEB,f,p,5,31
L2HEB012,drajim,1,1,1,L2HEB,f,p,5,31
L2HEB012,ir,1,1,1,L2HEB,f,s,7,31
L2HEB012,reguel,1,1,1,L2HEB,f,s,7,31
L2HEB012,kikarim,0,0,0,L2HEB,nf,p,3,31
L2HEB012,jatzer,0,0,0,L2HEB,nf,s,4,31
L2HEB012,arim,1,1,1,L2HEB,f,p,6,31
L2HEB013,naal,0,0,1,L2HEB,f,s,7,39
L2HEB013,eben,0,0,0,L2HEB,nf,s,4,39
L2HEB013,abanim,0,0,0,L2HEB,nf,p,5,39
L2HEB013,gfanim,1,0,0,L2HEB,nf,p,1,39
L2HEB013,naalaim,1,1,1,L2HEB,f,p,6,39
L2HEB013,kikar,0,0,0,L2HEB,nf,s,2,39
L2HEB013,derej,0,1,1,L2HEB,f,s,8,39
L2HEB013,jatzerim,1,0,0,L2HEB,nf,p,4,39
L2HEB013,guefen,0,0,0,L2HEB,nf,s,7,39
L2HEB013,raglaim,1,1,1,L2HEB,f,p,6,39
L2HEB013,drajim,0,0,0,L2HEB,f,p,4,39
L2HEB013,ir,0,1,1,L2HEB,f,s,7,39
L2HEB013,reguel,1,1,1,L2HEB,f,s,6,39
L2HEB013,kikarim,0,0,0,L2HEB,nf,p,2,39
L2HEB013,jatzer,0,0,0,L2HEB,nf,s,6,39
L2HEB013,arim,0,0,0,L2HEB,f,p,3,39
L2HEB014,naal,0,0,0,L2HEB,f,s,5,14
L2HEB014,eben,0,0,0,L2HEB,nf,s,1,14
L2HEB014,abanim,0,0,0,L2HEB,nf,p,1,14
L2HEB014,gfanim,0,0,0,L2HEB,nf,p,1,14
L2HEB014,naalaim,0,0,0,L2HEB,f,p,4,14
L2HEB014,kikar,0,0,0,L2HEB,nf,s,1,14
L2HEB014,derej,0,0,0,L2HEB,f,s,1,14
L2HEB014,jatzerim,0,0,0,L2HEB,nf,p,3,14
L2HEB014,guefen,0,0,0,L2HEB,nf,s,1,14
L2HEB014,raglaim,0,0,0,L2HEB,f,p,5,14
L2HEB014,drajim,0,0,0,L2HEB,f,p,1,14
L2HEB014,ir,0,0,0,L2HEB,f,s,7,14
L2HEB014,reguel,0,0,0,L2HEB,f,s,5,14
L2HEB014,kikarim,0,0,0,L2HEB,nf,p,1,14
L2HEB014,jatzer,0,0,0,L2HEB,nf,s,3,14
L2HEB014,arim,0,0,0,L2HEB,f,p,2,14
L2HEB015,naal,0,0,1,L2HEB,f,s,6,26
L2HEB015,eben,0,0,0,L2HEB,nf,s,3,26
L2HEB015,abanim,1,0,0,L2HEB,nf,p,3,26
L2HEB015,gfanim,0,0,0,L2HEB,nf,p,2,26
L2HEB015,naalaim,0,1,0,L2HEB,f,p,7,26
L2HEB015,kikar,1,0,0,L2HEB,nf,s,5,26
L2HEB015,derej,0,0,0,L2HEB,f,s,9,26
L2HEB015,jatzerim,0,0,0,L2HEB,nf,p,1,26
L2HEB015,guefen,0,0,0,L2HEB,nf,s,4,26
L2HEB015,raglaim,0,0,0,L2HEB,f,p,7,26
L2HEB015,drajim,0,0,0,L2HEB,f,p,2,26
L2HEB015,ir,0,0,0,L2HEB,f,s,8,26
L2HEB015,reguel,0,0,0,L2HEB,f,s,7,26
L2HEB015,kikarim,0,0,0,L2HEB,nf,p,4,26
L2HEB015,jatzer,1,0,0,L2HEB,nf,s,1,26
L2HEB015,arim,0,0,0,L2HEB,f,p,5,26
L2HEB016,naal,0,0,0,L2HEB,f,s,1,11
L2HEB016,eben,1,1,0,L2HEB,nf,s,6,11
L2HEB016,abanim,0,1,0,L2HEB,nf,p,1,11
L2HEB016,gfanim,0,1,0,L2HEB,nf,p,1,11
L2HEB016,naalaim,0,1,0,L2HEB,f,p,9,11
L2HEB016,kikar,0,0,0,L2HEB,nf,s,1,11
L2HEB016,derej,0,1,0,L2HEB,f,s,1,11
L2HEB016,jatzerim,0,1,0,L2HEB,nf,p,1,11
L2HEB016,guefen,1,1,0,L2HEB,nf,s,1,11
L2HEB016,raglaim,0,0,0,L2HEB,f,p,9,11
L2HEB016,drajim,1,0,0,L2HEB,f,p,1,11
L2HEB016,ir,1,1,0,L2HEB,f,s,1,11
L2HEB016,reguel,1,1,0,L2HEB,f,s,9,11
L2HEB016,kikarim,0,1,0,L2HEB,nf,p,1,11
L2HEB016,jatzer,1,1,0,L2HEB,nf,s,1,11
L2HEB016,arim,1,1,0,L2HEB,f,p,1,11
L2HEB017,naal,0,0,0,L2HEB,f,s,5,21
L2HEB017,eben,0,0,0,L2HEB,nf,s,2,21
L2HEB017,abanim,0,0,0,L2HEB,nf,p,5,21
L2HEB017,gfanim,0,0,0,L2HEB,nf,p,5,21
L2HEB017,naalaim,0,0,0,L2HEB,f,p,5,21
L2HEB017,kikar,0,0,0,L2HEB,nf,s,2,21
L2HEB017,derej,0,0,0,L2HEB,f,s,5,21
L2HEB017,jatzerim,0,0,0,L2HEB,nf,p,3,21
L2HEB017,guefen,0,0,0,L2HEB,nf,s,5,21
L2HEB017,raglaim,0,0,0,L2HEB,f,p,5,21
L2HEB017,drajim,1,0,0,L2HEB,f,p,5,21
L2HEB017,ir,1,1,1,L2HEB,f,s,5,21
L2HEB017,reguel,0,0,0,L2HEB,f,s,5,21
L2HEB017,kikarim,0,0,0,L2HEB,nf,p,2,21
L2HEB017,jatzer,0,0,0,L2HEB,nf,s,3,21
L2HEB017,arim,0,0,0,L2HEB,f,p,5,21
L2HEB018,naal,0,0,0,L2HEB,f,s,8,38
L2HEB018,eben,0,0,0,L2HEB,nf,s,3,38
L2HEB018,abanim,0,0,0,L2HEB,nf,p,4,38
L2HEB018,gfanim,0,0,0,L2HEB,nf,p,3,38
L2HEB018,naalaim,0,0,0,L2HEB,f,p,8,38
L2HEB018,kikar,0,0,0,L2HEB,nf,s,3,38
L2HEB018,derej,1,1,1,L2HEB,f,s,9,38
L2HEB018,jatzerim,0,0,0,L2HEB,nf,p,4,38
L2HEB018,guefen,0,0,0,L2HEB,nf,s,3,38
L2HEB018,raglaim,0,0,0,L2HEB,f,p,8,38
L2HEB018,drajim,0,0,0,L2HEB,f,p,9,38
L2HEB018,ir,0,1,0,L2HEB,f,s,5,38
L2HEB018,reguel,0,0,0,L2HEB,f,s,8,38
L2HEB018,kikarim,0,0,0,L2HEB,nf,p,3,38
L2HEB018,jatzer,1,0,0,L2HEB,nf,s,5,38
L2HEB018,arim,0,0,0,L2HEB,f,p,4,38
L2HEB019,naal,0,0,0,L2HEB,f,s,1,36
L2HEB019,eben,0,0,0,L2HEB,nf,s,3,36
L2HEB019,abanim,0,0,0,L2HEB,nf,p,2,36
L2HEB019,gfanim,0,0,0,L2HEB,nf,p,1,36
L2HEB019,naalaim,0,0,0,L2HEB,f,p,7,36
L2HEB019,kikar,0,0,0,L2HEB,nf,s,2,36
L2HEB019,derej,0,0,0,L2HEB,f,s,5,36
L2HEB019,jatzerim,0,0,0,L2HEB,nf,p,1,36
L2HEB019,guefen,0,0,0,L2HEB,nf,s,7,36
L2HEB019,raglaim,1,1,1,L2HEB,f,p,3,36
L2HEB019,drajim,0,0,0,L2HEB,f,p,2,36
L2HEB019,ir,1,1,1,L2HEB,f,s,3,36
L2HEB019,reguel,1,1,0,L2HEB,f,s,4,36
L2HEB019,kikarim,0,0,0,L2HEB,nf,p,1,36
L2HEB019,jatzer,1,0,0,L2HEB,nf,s,3,36
L2HEB019,arim,1,1,1,L2HEB,f,p,3,36
L2HEB020,naal,1,1,1,L2HEB,f,s,5,42
L2HEB020,eben,0,0,0,L2HEB,nf,s,3,42
L2HEB020,abanim,1,1,1,L2HEB,nf,p,3,42
L2HEB020,gfanim,0,0,0,L2HEB,nf,p,1,42
L2HEB020,naalaim,1,1,1,L2HEB,f,p,5,42
L2HEB020,kikar,0,0,0,L2HEB,nf,s,2,42
L2HEB020,derej,1,1,1,L2HEB,f,s,5,42
L2HEB020,jatzerim,0,0,0,L2HEB,nf,p,1,42
L2HEB020,guefen,0,0,0,L2HEB,nf,s,7,42
L2HEB020,raglaim,1,1,1,L2HEB,f,p,6,42
L2HEB020,drajim,1,1,1,L2HEB,f,p,5,42
L2HEB020,ir,1,1,1,L2HEB,f,s,5,42
L2HEB020,reguel,1,1,1,L2HEB,f,s,5,42
L2HEB020,kikarim,0,0,0,L2HEB,nf,p,1,42
L2HEB020,jatzer,0,0,0,L2HEB,nf,s,3,42
L2HEB020,arim,1,1,1,L2HEB,f,p,5,42
L2HEB021,naal,1,1,1,L2HEB,f,s,3,47
L2HEB021,eben,0,0,0,L2HEB,nf,s,3,47
L2HEB021,abanim,0,0,0,L2HEB,nf,p,3,47
L2HEB021,gfanim,0,0,0,L2HEB,nf,p,3,47
L2HEB021,naalaim,1,1,1,L2HEB,f,p,3,47
L2HEB021,kikar,0,0,0,L2HEB,nf,s,3,47
L2HEB021,derej,1,1,1,L2HEB,f,s,5,47
L2HEB021,jatzerim,0,0,0,L2HEB,nf,p,3,47
L2HEB021,guefen,0,0,0,L2HEB,nf,s,6,47
L2HEB021,raglaim,1,1,1,L2HEB,f,p,3,47
L2HEB021,drajim,1,1,1,L2HEB,f,p,5,47
L2HEB021,ir,1,1,1,L2HEB,f,s,5,47
L2HEB021,reguel,1,1,1,L2HEB,f,s,3,47
L2HEB021,kikarim,0,0,0,L2HEB,nf,p,3,47
L2HEB021,jatzer,0,0,0,L2HEB,nf,s,3,47
L2HEB021,arim,1,1,1,L2HEB,f,p,3,47
L2HEB022,naal,0,0,0,L2HEB,f,s,1,9
L2HEB022,eben,1,1,0,L2HEB,nf,s,3,9
L2HEB022,abanim,0,0,0,L2HEB,nf,p,1,9
L2HEB022,gfanim,0,1,0,L2HEB,nf,p,3,9
L2HEB022,naalaim,0,0,1,L2HEB,f,p,1,9
L2HEB022,kikar,0,1,0,L2HEB,nf,s,4,9
L2HEB022,derej,0,0,0,L2HEB,f,s,1,9
L2HEB022,jatzerim,0,0,0,L2HEB,nf,p,1,9
L2HEB022,guefen,1,1,0,L2HEB,nf,s,4,9
L2HEB022,raglaim,0,0,1,L2HEB,f,p,1,9
L2HEB022,drajim,0,1,1,L2HEB,f,p,1,9
L2HEB022,ir,1,1,0,L2HEB,f,s,5,9
L2HEB022,reguel,1,0,0,L2HEB,f,s,1,9
L2HEB022,kikarim,0,0,0,L2HEB,nf,p,1,9
L2HEB022,jatzer,1,0,0,L2HEB,nf,s,1,9
L2HEB022,arim,1,1,1,L2HEB,f,p,5,9
L2HEB023,naal,1,1,1,L2HEB,f,s,7,58
L2HEB023,eben,1,1,1,L2HEB,nf,s,6,58
L2HEB023,abanim,1,1,1,L2HEB,nf,p,6,58
L2HEB023,gfanim,0,0,1,L2HEB,nf,p,3,58
L2HEB023,naalaim,1,1,1,L2HEB,f,p,9,58
L2HEB023,kikar,0,0,0,L2HEB,nf,s,5,58
L2HEB023,derej,1,1,1,L2HEB,f,s,7,58
L2HEB023,jatzerim,1,1,1,L2HEB,nf,p,3,58
L2HEB023,guefen,0,0,0,L2HEB,nf,s,4,58
L2HEB023,raglaim,1,1,1,L2HEB,f,p,9,58
L2HEB023,drajim,1,1,1,L2HEB,f,p,6,58
L2HEB023,ir,1,1,1,L2HEB,f,s,6,58
L2HEB023,reguel,1,1,1,L2HEB,f,s,7,58
L2HEB023,kikarim,0,0,0,L2HEB,nf,p,3,58
L2HEB023,jatzer,1,1,1,L2HEB,nf,s,7,58
L2HEB023,arim,1,1,1,L2HEB,f,p,5,58
L2HEB024,naal,0,1,0,L2HEB,f,s,2,14
L2HEB024,eben,0,0,0,L2HEB,nf,s,5,14
L2HEB024,abanim,0,0,0,L2HEB,nf,p,5,14
L2HEB024,gfanim,0,0,0,L2HEB,nf,p,3,14
L2HEB024,naalaim,1,1,0,L2HEB,f,p,2,14
L2HEB024,kikar,0,0,0,L2HEB,nf,s,3,14
L2HEB024,derej,0,1,0,L2HEB,f,s,5,14
L2HEB024,jatzerim,1,1,0,L2HEB,nf,p,5,14
L2HEB024,guefen,0,1,0,L2HEB,nf,s,5,14
L2HEB024,raglaim,0,0,0,L2HEB,f,p,3,14
L2HEB024,drajim,0,0,0,L2HEB,f,p,5,14
L2HEB024,ir,0,0,0,L2HEB,f,s,5,14
L2HEB024,reguel,0,1,0,L2HEB,f,s,5,14
L2HEB024,kikarim,0,0,0,L2HEB,nf,p,5,14
L2HEB024,jatzer,0,0,0,L2HEB,nf,s,5,14
L2HEB024,arim,1,1,0,L2HEB,f,p,3,14
L2HEB025,naal,1,1,1,L2HEB,f,s,9,20
L2HEB025,eben,0,0,0,L2HEB,nf,s,9,20
L2HEB025,abanim,0,0,0,L2HEB,nf,p,9,20
L2HEB025,gfanim,0,0,0,L2HEB,nf,p,6,20
L2HEB025,naalaim,1,1,1,L2HEB,f,p,9,20
L2HEB025,kikar,1,0,0,L2HEB,nf,s,6,20
L2HEB025,derej,1,1,1,L2HEB,f,s,8,20
L2HEB025,jatzerim,0,1,0,L2HEB,nf,p,6,20
L2HEB025,guefen,0,0,0,L2HEB,nf,s,7,20
L2HEB025,raglaim,1,1,1,L2HEB,f,p,9,20
L2HEB025,drajim,1,1,1,L2HEB,f,p,8,20
L2HEB025,ir,1,1,1,L2HEB,f,s,9,20
L2HEB025,reguel,1,1,1,L2HEB,f,s,9,20
L2HEB025,kikarim,0,1,0,L2HEB,nf,p,6,20
L2HEB025,jatzer,1,0,0,L2HEB,nf,s,9,20
L2HEB025,arim,1,1,1,L2HEB,f,p,8,20
L2HEB026,naal,0,0,0,L2HEB,f,s,7,28
L2HEB026,eben,0,0,0,L2HEB,nf,s,5,28
L2HEB026,abanim,0,0,0,L2HEB,nf,p,4,28
L2HEB026,gfanim,0,0,0,L2HEB,nf,p,5,28
L2HEB026,naalaim,0,0,0,L2HEB,f,p,7,28
L2HEB026,kikar,0,0,0,L2HEB,nf,s,7,28
L2HEB026,derej,0,0,0,L2HEB,f,s,7,28
L2HEB026,jatzerim,0,0,0,L2HEB,nf,p,5,28
L2HEB026,guefen,0,0,0,L2HEB,nf,s,5,28
L2HEB026,raglaim,0,0,0,L2HEB,f,p,7,28
L2HEB026,drajim,0,0,0,L2HEB,f,p,6,28
L2HEB026,ir,1,1,1,L2HEB,f,s,7,28
L2HEB026,reguel,0,0,0,L2HEB,f,s,7,28
L2HEB026,kikarim,0,0,0,L2HEB,nf,p,7,28
L2HEB026,jatzer,0,0,0,L2HEB,nf,s,7,28
L2HEB026,arim,0,0,0,L2HEB,f,p,6,28
L2HEB027,naal,0,1,1,L2HEB,f,s,7,54
L2HEB027,eben,1,1,0,L2HEB,nf,s,5,54
L2HEB027,abanim,0,0,1,L2HEB,nf,p,6,54
L2HEB027,gfanim,0,0,0,L2HEB,nf,p,2,54
L2HEB027,naalaim,0,1,1,L2HEB,f,p,7,54
L2HEB027,kikar,0,0,0,L2HEB,nf,s,5,54
L2HEB027,derej,0,0,1,L2HEB,f,s,7,54
L2HEB027,jatzerim,0,0,0,L2HEB,nf,p,2,54
L2HEB027,guefen,0,1,0,L2HEB,nf,s,6,54
L2HEB027,raglaim,1,1,1,L2HEB,f,p,8,54
L2HEB027,drajim,0,1,1,L2HEB,f,p,6,54
L2HEB027,ir,1,1,1,L2HEB,f,s,7,54
L2HEB027,reguel,1,1,1,L2HEB,f,s,8,54
L2HEB027,kikarim,0,0,0,L2HEB,nf,p,5,54
L2HEB027,jatzer,0,1,1,L2HEB,nf,s,6,54
L2HEB027,arim,1,1,1,L2HEB,f,p,6,54
L1HEB001,naal,1,1,1,L1HEB,f,s,9,59
L1HEB001,eben,1,1,0,L1HEB,nf,s,6,59
L1HEB001,abanim,1,1,1,L1HEB,nf,p,5,59
L1HEB001,gfanim,1,1,1,L1HEB,nf,p,4,59
L1HEB001,naalaim,0,0,1,L1HEB,f,p,9,59
L1HEB001,kikar,1,1,0,L1HEB,nf,s,8,59
L1HEB001,derej,1,1,1,L1HEB,f,s,7,59
L1HEB001,jatzerim,1,0,0,L1HEB,nf,p,4,59
L2HEB001,guefen,0,0,0,L1HEB,nf,s,6,59
L1HEB001,raglaim,1,0,1,L1HEB,f,p,8,59
L1HEB001,drajim,0,1,0,L1HEB,f,p,7,59
L1HEB001,ir,1,1,1,L1HEB,f,s,7,59
L1HEB001,reguel,1,1,1,L1HEB,f,s,6,59
L1HEB001,kikarim,1,1,1,L1HEB,nf,p,6,59
L1HEB001,jatzer,0,1,1,L1HEB,nf,s,9,59
L1HEB001,arim,1,1,1,L1HEB,f,p,6,59
L1HEB002,naal,1,1,1,L1HEB,f,s,5,62
L1HEB002,eben,1,1,1,L1HEB,nf,s,8,62
L1HEB002,abanim,1,1,1,L1HEB,nf,p,8,62
L1HEB002,gfanim,1,1,1,L1HEB,nf,p,8,62
L1HEB002,naalaim,1,1,1,L1HEB,f,p,7,62
L1HEB002,kikar,1,1,1,L1HEB,nf,s,7,62
L1HEB002,derej,1,1,1,L1HEB,f,s,7,62
L1HEB002,jatzerim,1,1,0,L1HEB,nf,p,8,62
L1HEB002,guefen,1,1,0,L1HEB,nf,s,9,62
L1HEB002,raglaim,1,1,1,L1HEB,f,p,7,62
L1HEB002,drajim,1,1,1,L1HEB,f,p,8,62
L1HEB002,ir,1,1,1,L1HEB,f,s,9,62
L1HEB002,reguel,1,1,1,L1HEB,f,s,7,62
L1HEB002,kikarim,1,1,1,L1HEB,nf,p,7,62
L1HEB002,jatzer,1,1,1,L1HEB,nf,s,6,62
L1HEB002,arim,1,1,1,L1HEB,f,p,8,62
L1HEB003,naal,1,1,1,L1HEB,f,s,8,65
L1HEB003,eben,1,1,1,L1HEB,nf,s,7,65
L1HEB003,abanim,0,1,1,L1HEB,nf,p,7,65
L1HEB003,gfanim,0,1,0,L1HEB,nf,p,7,65
L1HEB003,naalaim,0,0,1,L1HEB,f,p,9,65
L1HEB003,kikar,1,1,1,L1HEB,nf,s,8,65
L1HEB003,derej,0,1,1,L1HEB,f,s,7,65
L1HEB003,jatzerim,1,1,0,L1HEB,nf,p,8,65
L1HEB003,guefen,0,1,0,L1HEB,nf,s,6,65
L1HEB003,raglaim,0,1,1,L1HEB,f,p,8,65
L1HEB003,drajim,1,1,1,L1HEB,f,p,7,65
L1HEB003,ir,1,1,1,L1HEB,f,s,1,65
L1HEB003,reguel,1,1,1,L1HEB,f,s,8,65
L1HEB003,kikarim,1,0,1,L1HEB,nf,p,8,65
L1HEB003,jatzer,0,1,1,L1HEB,nf,s,8,65
L1HEB003,arim,1,1,1,L1HEB,f,p,7,65
L1HEB004,naal,0,0,1,L1HEB,f,s,9,67
L1HEB004,eben,1,1,1,L1HEB,nf,s,7,67
L1HEB004,abanim,1,1,1,L1HEB,nf,p,7,67
L1HEB004,gfanim,0,1,1,L1HEB,nf,p,6,67
L1HEB004,naalaim,0,1,1,L1HEB,f,p,9,67
L1HEB004,kikar,1,1,1,L1HEB,nf,s,7,67
L1HEB004,derej,0,1,1,L1HEB,f,s,7,67
L1HEB004,jatzerim,0,1,1,L1HEB,nf,p,6,67
L1HEB004,guefen,0,0,0,L1HEB,nf,s,7,67
L1HEB004,raglaim,1,1,1,L1HEB,f,p,8,67
L1HEB004,drajim,1,1,1,L1HEB,f,p,7,67
L1HEB004,ir,1,1,1,L1HEB,f,s,7,67
L1HEB004,reguel,0,1,1,L1HEB,f,s,8,67
L1HEB004,kikarim,1,1,1,L1HEB,nf,p,7,67
L1HEB004,jatzer,0,1,1,L1HEB,nf,s,6,67
L1HEB004,arim,0,1,1,L1HEB,f,p,8,67
L1HEB005,naal,0,1,1,L1HEB,f,s,8,64
L1HEB005,eben,1,1,1,L1HEB,nf,s,7,64
L1HEB005,abanim,1,1,1,L1HEB,nf,p,6,64
L1HEB005,gfanim,1,1,1,L1HEB,nf,p,6,64
L1HEB005,naalaim,1,0,1,L1HEB,f,p,9,64
L1HEB005,kikar,1,1,1,L1HEB,nf,s,7,64
L1HEB005,derej,1,1,1,L1HEB,f,s,7,64
L1HEB005,jatzerim,1,1,1,L1HEB,nf,p,6,64
L1HEB005,guefen,1,1,0,L1HEB,nf,s,6,64
L1HEB005,raglaim,1,1,1,L1HEB,f,p,7,64
L1HEB005,drajim,1,1,1,L1HEB,f,p,6,64
L1HEB005,ir,1,1,1,L1HEB,f,s,8,64
L1HEB005,reguel,1,1,1,L1HEB,f,s,8,64
L1HEB005,kikarim,1,1,1,L1HEB,nf,p,6,64
L1HEB005,jatzer,1,0,1,L1HEB,nf,s,6,64
L1HEB005,arim,1,0,1,L1HEB,f,p,6,64
L1HEB006,naal,1,1,1,L1HEB,f,s,7,67
L1HEB006,eben,1,1,1,L1HEB,nf,s,4,67
L1HEB006,abanim,1,1,1,L1HEB,nf,p,5,67
L1HEB006,gfanim,0,0,0,L1HEB,nf,p,2,67
L1HEB006,naalaim,1,1,1,L1HEB,f,p,8,67
L1HEB006,kikar,1,1,1,L1HEB,nf,s,5,67
L1HEB006,derej,1,1,1,L1HEB,f,s,6,67
L1HEB006,jatzerim,1,1,1,L1HEB,nf,p,3,67
L1HEB006,guefen,0,0,0,L1HEB,nf,s,3,67
L1HEB006,raglaim,1,1,1,L1HEB,f,p,7,67
L1HEB006,drajim,1,1,1,L1HEB,f,p,5,67
L1HEB006,ir,1,1,1,L1HEB,f,s,7,67
L1HEB006,reguel,1,1,1,L1HEB,f,s,7,67
L1HEB006,kikarim,1,1,1,L1HEB,nf,p,3,67
L1HEB006,jatzer,1,1,1,L1HEB,nf,s,4,67
L1HEB006,arim,1,1,1,L1HEB,f,p,6,67
L1HEB007,naal,1,1,1,L1HEB,f,s,7,64
L1HEB007,eben,1,1,1,L1HEB,nf,s,5,64
L1HEB007,abanim,1,,1,L1HEB,nf,p,5,64
L1HEB007,gfanim,0,0,0,L1HEB,nf,p,2,64
L1HEB007,naalaim,1,1,1,L1HEB,f,p,8,64
L1HEB007,kikar,1,1,1,L1HEB,nf,s,4,64
L1HEB007,derej,1,1,1,L1HEB,f,s,9,64
L1HEB007,jatzerim,1,0,0,L1HEB,nf,p,1,64
L1HEB007,guefen,0,0,0,L1HEB,nf,s,2,64
L1HEB007,raglaim,1,1,1,L1HEB,f,p,8,64
L1HEB007,drajim,1,1,1,L1HEB,f,p,5,64
L1HEB007,ir,1,1,1,L1HEB,f,s,7,64
L1HEB007,reguel,1,1,1,L1HEB,f,s,7,64
L1HEB007,kikarim,0,1,0,L1HEB,nf,p,1,64
L1HEB007,jatzer,1,1,1,L1HEB,nf,s,5,64
L1HEB007,arim,1,1,1,L1HEB,f,p,5,64
L1HEB008,naal,0,1,1,L1HEB,f,s,7,66
L1HEB008,eben,1,1,1,L1HEB,nf,s,5,66
L1HEB008,abanim,1,1,1,L1HEB,nf,p,4,66
L1HEB008,gfanim,0,0,1,L1HEB,nf,p,1,66
L1HEB008,naalaim,0,1,1,L1HEB,f,p,7,66
L1HEB008,kikar,1,1,1,L1HEB,nf,s,7,66
L1HEB008,derej,1,1,1,L1HEB,f,s,6,66
L1HEB008,jatzerim,1,0,1,L1HEB,nf,p,1,66
L1HEB008,guefen,0,0,0,L1HEB,nf,s,2,66
L1HEB008,raglaim,1,1,1,L1HEB,f,p,5,66
L1HEB008,drajim,1,1,1,L1HEB,f,p,4,66
L1HEB008,ir,1,1,1,L1HEB,f,s,7,66
L1HEB008,reguel,1,1,1,L1HEB,f,s,5,66
L1HEB008,kikarim,1,1,1,L1HEB,nf,p,1,66
L1HEB008,jatzer,1,1,1,L1HEB,nf,s,6,66
L1HEB008,arim,1,1,1,L1HEB,f,p,4,66
L1HEB009,naal,1,1,1,L1HEB,f,s,8,65
L1HEB009,eben,1,1,1,L1HEB,nf,s,6,65
L1HEB009,abanim,1,1,1,L1HEB,nf,p,5,65
L1HEB009,gfanim,0,0,1,L1HEB,nf,p,3,65
L1HEB009,naalaim,1,1,1,L1HEB,f,p,8,65
L1HEB009,kikar,1,1,1,L1HEB,nf,s,7,65
L1HEB009,derej,1,1,1,L1HEB,f,s,8,65
L1HEB009,jatzerim,1,0,1,L1HEB,nf,p,3,65
L1HEB009,guefen,0,0,0,L1HEB,nf,s,5,65
L1HEB009,raglaim,1,1,1,L1HEB,f,p,8,65
L1HEB009,drajim,1,1,1,L1HEB,f,p,6,65
L1HEB009,ir,1,1,1,L1HEB,f,s,8,65
L1HEB009,reguel,1,1,1,L1HEB,f,s,8,65
L1HEB009,kikarim,0,1,1,L1HEB,nf,p,1,65
L1HEB009,jatzer,1,1,1,L1HEB,nf,s,7,65
L1HEB009,arim,1,1,1,L1HEB,f,p,6,65
L1HEB010,naal,1,1,1,L1HEB,f,s,5,65
L1HEB010,eben,1,1,1,L1HEB,nf,s,3,65
L1HEB010,abanim,1,1,1,L1HEB,nf,p,3,65
L1HEB010,gfanim,0,0,0,L1HEB,nf,p,2,65
L1HEB010,naalaim,1,1,1,L1HEB,f,p,4,65
L1HEB010,kikar,1,0,1,L1HEB,nf,s,7,65
L1HEB010,derej,1,1,1,L1HEB,f,s,7,65
L1HEB010,jatzerim,0,0,1,L1HEB,nf,p,1,65
L1HEB010,guefen,0,0,0,L1HEB,nf,s,1,65
L1HEB010,raglaim,1,1,1,L1HEB,f,p,5,65
L1HEB010,drajim,1,1,1,L1HEB,f,p,3,65
L1HEB010,ir,1,1,1,L1HEB,f,s,7,65
L1HEB010,reguel,1,1,1,L1HEB,f,s,5,65
L1HEB010,kikarim,0,0,1,L1HEB,nf,p,2,65
L1HEB010,jatzer,1,0,1,L1HEB,nf,s,7,65
L1HEB010,arim,1,1,1,L1HEB,f,p,3,65
L1HEB011,naal,1,1,1,L1HEB,f,s,8,63
L1HEB011,eben,1,1,1,L1HEB,nf,s,5,63
L1HEB011,abanim,1,1,1,L1HEB,nf,p,5,63
L1HEB011,gfanim,1,1,1,L1HEB,nf,p,3,63
L1HEB011,naalaim,1,1,1,L1HEB,f,p,7,63
L1HEB011,kikar,1,1,1,L1HEB,nf,s,5,63
L1HEB011,derej,1,1,1,L1HEB,f,s,8,63
L1HEB011,jatzerim,1,1,1,L1HEB,nf,p,4,63
L1HEB011,guefen,1,1,1,L1HEB,nf,s,3,63
L1HEB011,raglaim,1,1,1,L1HEB,f,p,7,63
L1HEB011,drajim,1,1,1,L1HEB,f,p,6,63
L1HEB011,ir,1,1,1,L1HEB,f,s,8,63
L1HEB011,reguel,1,1,1,L1HEB,f,s,7,63
L1HEB011,kikarim,1,1,1,L1HEB,nf,p,5,63
L1HEB011,jatzer,1,1,1,L1HEB,nf,s,5,63
L1HEB011,arim,1,1,1,L1HEB,f,p,6,63
L1HEB012,naal,1,1,1,L1HEB,f,s,9,64
L1HEB012,eben,1,1,1,L1HEB,nf,s,8,64
L1HEB012,abanim,1,1,1,L1HEB,nf,p,9,64
L1HEB012,gfanim,0,0,1,L1HEB,nf,p,4,64
L1HEB012,naalaim,1,1,1,L1HEB,f,p,9,64
L1HEB012,kikar,1,1,1,L1HEB,nf,s,7,64
L1HEB012,derej,1,1,1,L1HEB,f,s,9,64
L1HEB012,jatzerim,1,0,1,L1HEB,nf,p,7,64
L1HEB012,guefen,1,1,1,L1HEB,nf,s,4,64
L1HEB012,raglaim,1,1,1,L1HEB,f,p,9,64
L1HEB012,drajim,1,1,1,L1HEB,f,p,9,64
L1HEB012,ir,1,1,1,L1HEB,f,s,9,64
L1HEB012,reguel,1,1,1,L1HEB,f,s,9,64
L1HEB012,kikarim,1,0,1,L1HEB,nf,p,7,64
L1HEB012,jatzer,1,1,1,L1HEB,nf,s,7,64
L1HEB012,arim,1,1,1,L1HEB,f,p,9,64
L1HEB013,naal,1,1,1,L1HEB,f,s,7,67
L1HEB013,eben,1,1,1,L1HEB,nf,s,4,67
L1HEB013,abanim,1,1,1,L1HEB,nf,p,5,67
L1HEB013,gfanim,0,0,1,L1HEB,nf,p,2,67
L1HEB013,naalaim,1,1,1,L1HEB,f,p,7,67
L1HEB013,kikar,1,1,1,L1HEB,nf,s,7,67
L1HEB013,derej,1,1,1,L1HEB,f,s,8,67
L1HEB013,jatzerim,0,0,1,L1HEB,nf,p,4,67
L1HEB013,guefen,0,0,0,L1HEB,nf,s,3,67
L1HEB013,raglaim,1,1,1,L1HEB,f,p,7,67
L1HEB013,drajim,1,1,1,L1HEB,f,p,6,67
L1HEB013,ir,1,1,1,L1HEB,f,s,9,67
L1HEB013,reguel,1,1,1,L1HEB,f,s,7,67
L1HEB013,kikarim,1,1,1,L1HEB,nf,p,3,67
L1HEB013,jatzer,1,1,1,L1HEB,nf,s,5,67
L1HEB013,arim,1,1,1,L1HEB,f,p,5,67
L1HEB014,naal,1,1,1,L1HEB,f,s,8,64
L1HEB014,eben,1,1,1,L1HEB,nf,s,7,64
L1HEB014,abanim,0,1,1,L1HEB,nf,p,6,64
L1HEB014,gfanim,1,1,1,L1HEB,nf,p,4,64
L1HEB014,naalaim,1,1,1,L1HEB,f,p,9,64
L1HEB014,kikar,1,1,1,L1HEB,nf,s,8,64
L1HEB014,derej,1,1,1,L1HEB,f,s,9,64
L1HEB014,jatzerim,1,1,1,L1HEB,nf,p,1,64
L1HEB014,guefen,1,1,1,L1HEB,nf,s,5,64
L1HEB014,raglaim,1,1,1,L1HEB,f,p,9,64
L1HEB014,drajim,1,1,1,L1HEB,f,p,9,64
L1HEB014,ir,1,1,1,L1HEB,f,s,5,64
L1HEB014,reguel,1,1,1,L1HEB,f,s,9,64
L1HEB014,kikarim,0,1,1,L1HEB,nf,p,1,64
L1HEB014,jatzer,1,1,1,L1HEB,nf,s,9,64
L1HEB014,arim,1,1,1,L1HEB,f,p,6,64
L1HEB015,naal,1,1,1,L1HEB,f,s,9,64
L1HEB015,eben,1,1,1,L1HEB,nf,s,6,64
L1HEB015,abanim,1,1,1,L1HEB,nf,p,6,64
L1HEB015,gfanim,0,0,0,L1HEB,nf,p,3,64
L1HEB015,naalaim,1,1,1,L1HEB,f,p,9,64
L1HEB015,kikar,1,0,1,L1HEB,nf,s,6,64
L1HEB015,derej,1,1,1,L1HEB,f,s,7,64
L1HEB015,jatzerim,1,1,1,L1HEB,nf,p,1,64
L1HEB015,guefen,0,0,0,L1HEB,nf,s,4,64
L1HEB015,raglaim,1,1,1,L1HEB,f,p,9,64
L1HEB015,drajim,1,1,1,L1HEB,f,p,6,64
L1HEB015,ir,1,,1,L1HEB,f,s,9,64
L1HEB015,reguel,1,1,1,L1HEB,f,s,9,64
L1HEB015,kikarim,1,0,0,L1HEB,nf,p,1,64
L1HEB015,jatzer,1,1,1,L1HEB,nf,s,6,64
L1HEB015,arim,1,1,1,L1HEB,f,p,6,64
L1HEB016,naal,1,1,1,L1HEB,f,s,7,67
L1HEB016,eben,1,1,1,L1HEB,nf,s,4,67
L1HEB016,abanim,1,1,1,L1HEB,nf,p,5,67
L1HEB016,gfanim,0,1,0,L1HEB,nf,p,3,67
L1HEB016,naalaim,0,1,1,L1HEB,f,p,7,67
L1HEB016,kikar,1,1,1,L1HEB,nf,s,5,67
L1HEB016,derej,1,1,1,L1HEB,f,s,9,67
L1HEB016,jatzerim,0,0,1,L1HEB,nf,p,1,67
L1HEB016,guefen,1,1,0,L1HEB,nf,s,3,67
L1HEB016,raglaim,1,1,1,L1HEB,f,p,7,67
L1HEB016,drajim,1,1,1,L1HEB,f,p,7,67
L1HEB016,ir,1,1,1,L1HEB,f,s,7,67
L1HEB016,reguel,1,1,1,L1HEB,f,s,7,67
L1HEB016,kikarim,1,1,1,L1HEB,nf,p,1,67
L1HEB016,jatzer,1,1,1,L1HEB,nf,s,5,67
L1HEB016,arim,1,1,1,L1HEB,f,p,5,67
L1HEB017,naal,1,1,1,L1HEB,f,s,7,63
L1HEB017,eben,1,1,1,L1HEB,nf,s,4,63
L1HEB017,abanim,1,1,1,L1HEB,nf,p,4,63
L1HEB017,gfanim,1,1,1,L1HEB,nf,p,3,63
L1HEB017,naalaim,1,1,1,L1HEB,f,p,7,63
L1HEB017,kikar,0,1,1,L1HEB,nf,s,5,63
L1HEB017,derej,1,1,1,L1HEB,f,s,6,63
L1HEB017,jatzerim,1,1,1,L1HEB,nf,p,1,63
L1HEB017,guefen,1,1,1,L1HEB,nf,s,4,63
L1HEB017,raglaim,1,1,1,L1HEB,f,p,7,63
L1HEB017,drajim,1,1,1,L1HEB,f,p,7,63
L1HEB017,ir,1,1,1,L1HEB,f,s,7,63
L1HEB017,reguel,1,1,1,L1HEB,f,s,7,63
L1HEB017,kikarim,1,1,0,L1HEB,nf,p,2,63
L1HEB017,jatzer,1,1,1,L1HEB,nf,s,6,63
L1HEB017,arim,1,1,1,L1HEB,f,p,7,63
L1HEB018,naal,1,1,1,L1HEB,f,s,8,67
L1HEB018,eben,1,1,1,L1HEB,nf,s,6,67
L1HEB018,abanim,1,1,1,L1HEB,nf,p,5,67
L1HEB018,gfanim,0,0,0,L1HEB,nf,p,3,67
L1HEB018,naalaim,1,1,1,L1HEB,f,p,8,67
L1HEB018,kikar,1,1,1,L1HEB,nf,s,4,67
L1HEB018,derej,1,1,1,L1HEB,f,s,8,67
L1HEB018,jatzerim,1,0,1,L1HEB,nf,p,4,67
L1HEB018,guefen,0,0,0,L1HEB,nf,s,4,67
L1HEB018,raglaim,1,1,1,L1HEB,f,p,8,67
L1HEB018,drajim,1,1,1,L1HEB,f,p,7,67
L1HEB018,ir,1,1,1,L1HEB,f,s,9,67
L1HEB018,reguel,1,1,1,L1HEB,f,s,8,67
L1HEB018,kikarim,0,1,1,L1HEB,nf,p,4,67
L1HEB018,jatzer,1,1,1,L1HEB,nf,s,6,67
L1HEB018,arim,1,1,1,L1HEB,f,p,6,67
L1HEB019,naal,1,1,1,L1HEB,f,s,9,64
L1HEB019,eben,0,1,1,L1HEB,nf,s,6,64
L1HEB019,abanim,0,1,1,L1HEB,nf,p,5,64
L1HEB019,gfanim,1,1,1,L1HEB,nf,p,2,64
L1HEB019,naalaim,1,1,1,L1HEB,f,p,9,64
L1HEB019,kikar,1,1,1,L1HEB,nf,s,7,64
L1HEB019,derej,1,1,1,L1HEB,f,s,9,64
L1HEB019,jatzerim,1,1,1,L1HEB,nf,p,3,64
L1HEB019,guefen,1,1,1,L1HEB,nf,s,3,64
L1HEB019,raglaim,1,1,1,L1HEB,f,p,8,64
L1HEB019,drajim,1,0,1,L1HEB,f,p,6,64
L1HEB019,ir,1,1,1,L1HEB,f,s,9,64
L1HEB019,reguel,1,1,1,L1HEB,f,s,7,64
L1HEB019,kikarim,1,1,1,L1HEB,nf,p,4,64
L1HEB019,jatzer,1,1,1,L1HEB,nf,s,7,64
L1HEB019,arim,1,1,1,L1HEB,f,p,5,64
L1HEB020,naal,1,1,1,L1HEB,f,s,7,63
L1HEB020,eben,1,1,1,L1HEB,nf,s,5,63
L1HEB020,abanim,1,1,1,L1HEB,nf,p,5,63
L1HEB020,gfanim,0,0,0,L1HEB,nf,p,2,63
L1HEB020,naalaim,1,1,1,L1HEB,f,p,7,63
L1HEB020,kikar,1,1,1,L1HEB,nf,s,7,63
L1HEB020,derej,0,1,1,L1HEB,f,s,9,63
L1HEB020,jatzerim,0,1,1,L1HEB,nf,p,5,63
L1HEB020,guefen,1,1,1,L1HEB,nf,s,2,63
L1HEB020,raglaim,1,1,1,L1HEB,f,p,5,63
L1HEB020,drajim,1,1,1,L1HEB,f,p,5,63
L1HEB020,ir,1,1,1,L1HEB,f,s,7,63
L1HEB020,reguel,1,1,1,L1HEB,f,s,5,63
L1HEB020,kikarim,1,1,1,L1HEB,nf,p,3,63
L1HEB020,jatzer,1,1,1,L1HEB,nf,s,7,63
L1HEB020,arim,1,1,1,L1HEB,f,p,5,63
L1HEB021,naal,1,1,1,L1HEB,f,s,7,63
L1HEB021,eben,1,1,1,L1HEB,nf,s,4,63
L1HEB021,abanim,1,1,1,L1HEB,nf,p,4,63
L1HEB021,gfanim,0,0,1,L1HEB,nf,p,3,63
L1HEB021,naalaim,1,1,1,L1HEB,f,p,7,63
L1HEB021,kikar,1,1,1,L1HEB,nf,s,7,63
L1HEB021,derej,1,1,1,L1HEB,f,s,7,63
L1HEB021,jatzerim,0,0,1,L1HEB,nf,p,1,63
L1HEB021,guefen,1,1,0,L1HEB,nf,s,3,63
L1HEB021,raglaim,0,1,1,L1HEB,f,p,7,63
L1HEB021,drajim,1,1,1,L1HEB,f,p,4,63
L1HEB021,ir,1,1,1,L1HEB,f,s,8,63
L1HEB021,reguel,1,1,1,L1HEB,f,s,6,63
L1HEB021,kikarim,0,1,0,L1HEB,nf,p,1,63
L1HEB021,jatzer,1,1,1,L1HEB,nf,s,5,63
L1HEB021,arim,1,1,1,L1HEB,f,p,6,63
L1HEB022,naal,1,1,1,L1HEB,f,s,8,65
L1HEB022,eben,1,1,1,L1HEB,nf,s,3,65
L1HEB022,abanim,1,1,1,L1HEB,nf,p,5,65
L1HEB022,gfanim,0,1,1,L1HEB,nf,p,2,65
L1HEB022,naalaim,1,1,1,L1HEB,f,p,9,65
L1HEB022,kikar,0,0,0,L1HEB,nf,s,5,65
L1HEB022,derej,1,1,1,L1HEB,f,s,7,65
L1HEB022,jatzerim,1,0,0,L1HEB,nf,p,4,65
L1HEB022,guefen,1,1,0,L1HEB,nf,s,2,65
L1HEB022,raglaim,1,1,1,L1HEB,f,p,8,65
L1HEB022,drajim,1,1,1,L1HEB,f,p,6,65
L1HEB022,ir,1,1,1,L1HEB,f,s,9,65
L1HEB022,reguel,1,1,1,L1HEB,f,s,7,65
L1HEB022,kikarim,0,0,0,L1HEB,nf,p,3,65
L1HEB022,jatzer,1,0,1,L1HEB,nf,s,4,65
L1HEB022,arim,1,1,1,L1HEB,f,p,9,65
L1HEB023,naal,1,1,1,L1HEB,f,s,8,65
L1HEB023,eben,1,0,1,L1HEB,nf,s,7,65
L1HEB023,abanim,1,1,1,L1HEB,nf,p,7,65
L1HEB023,gfanim,0,0,1,L1HEB,nf,p,3,65
L1HEB023,naalaim,1,1,1,L1HEB,f,p,9,65
L1HEB023,kikar,0,0,1,L1HEB,nf,s,6,65
L1HEB023,derej,1,1,1,L1HEB,f,s,9,65
L1HEB023,jatzerim,1,1,1,L1HEB,nf,p,1,65
L1HEB023,guefen,0,0,0,L1HEB,nf,s,4,65
L1HEB023,raglaim,1,1,1,L1HEB,f,p,7,65
L1HEB023,drajim,1,0,1,L1HEB,f,p,8,65
L1HEB023,ir,1,1,1,L1HEB,f,s,9,65
L1HEB023,reguel,1,1,1,L1HEB,f,s,9,65
L1HEB023,kikarim,1,1,1,L1HEB,nf,p,1,65
L1HEB023,jatzer,1,1,1,L1HEB,nf,s,8,65
L1HEB023,arim,1,1,1,L1HEB,f,p,7,65
L1HEB024,naal,1,1,1,L1HEB,f,s,8,67
L1HEB024,eben,1,1,1,L1HEB,nf,s,5,67
L1HEB024,abanim,1,1,1,L1HEB,nf,p,5,67
L1HEB024,gfanim,0,0,0,L1HEB,nf,p,1,67
L1HEB024,naalaim,1,1,1,L1HEB,f,p,9,67
L1HEB024,kikar,1,1,1,L1HEB,nf,s,8,67
L1HEB024,derej,1,1,1,L1HEB,f,s,9,67
L1HEB024,jatzerim,1,0,1,L1HEB,nf,p,1,67
L1HEB024,guefen,0,0,0,L1HEB,nf,s,4,67
L1HEB024,raglaim,1,1,1,L1HEB,f,p,9,67
L1HEB024,drajim,1,0,1,L1HEB,f,p,6,67
L1HEB024,ir,1,1,1,L1HEB,f,s,9,67
L1HEB024,reguel,1,1,1,L1HEB,f,s,8,67
L1HEB024,kikarim,0,0,0,L1HEB,nf,p,1,67
L1HEB024,jatzer,1,1,1,L1HEB,nf,s,6,67
L1HEB024,arim,1,1,1,L1HEB,f,p,7,67
L1HEB025,naal,1,1,1,L1HEB,f,s,8,67
L1HEB025,eben,1,1,1,L1HEB,nf,s,6,67
L1HEB025,abanim,1,1,1,L1HEB,nf,p,7,67
L1HEB025,gfanim,0,0,1,L1HEB,nf,p,2,67
L1HEB025,naalaim,1,1,1,L1HEB,f,p,9,67
L1HEB025,kikar,1,1,1,L1HEB,nf,s,5,67
L1HEB025,derej,1,1,1,L1HEB,f,s,9,67
L1HEB025,jatzerim,1,1,1,L1HEB,nf,p,2,67
L1HEB025,guefen,0,0,0,L1HEB,nf,s,2,67
L1HEB025,raglaim,1,1,1,L1HEB,f,p,7,67
L1HEB025,drajim,1,1,1,L1HEB,f,p,6,67
L1HEB025,ir,1,1,1,L1HEB,f,s,9,67
L1HEB025,reguel,1,1,1,L1HEB,f,s,7,67
L1HEB025,kikarim,0,0,0,L1HEB,nf,p,1,67
L1HEB025,jatzer,1,1,1,L1HEB,nf,s,4,67
L1HEB025,arim,1,1,1,L1HEB,f,p,8,67
L1HEB026,naal,1,1,1,L1HEB,f,s,7,64
L1HEB026,eben,1,1,1,L1HEB,nf,s,4,64
L1HEB026,abanim,1,1,1,L1HEB,nf,p,3,64
L1HEB026,gfanim,0,0,0,L1HEB,nf,p,2,64
L1HEB026,naalaim,1,1,1,L1HEB,f,p,8,64
L1HEB026,kikar,1,1,1,L1HEB,nf,s,4,64
L1HEB026,derej,1,1,1,L1HEB,f,s,5,64
L1HEB026,jatzerim,1,1,1,L1HEB,nf,p,2,64
L1HEB026,guefen,0,1,0,L1HEB,nf,s,2,64
L1HEB026,raglaim,1,1,1,L1HEB,f,p,7,64
L1HEB026,drajim,1,1,1,L1HEB,f,p,6,64
L1HEB026,ir,1,1,1,L1HEB,f,s,7,64
L1HEB026,reguel,1,1,1,L1HEB,f,s,7,64
L1HEB026,kikarim,0,1,1,L1HEB,nf,p,3,64
L1HEB026,jatzer,1,1,1,L1HEB,nf,s,5,64
L1HEB026,arim,1,1,1,L1HEB,f,p,2,64
L1HEB027,naal,1,1,1,L1HEB,f,s,9,65
L1HEB027,eben,1,1,1,L1HEB,nf,s,5,65
L1HEB027,abanim,1,1,1,L1HEB,nf,p,5,65
L1HEB027,gfanim,0,0,0,L1HEB,nf,p,3,65
L1HEB027,naalaim,1,1,1,L1HEB,f,p,9,65
L1HEB027,kikar,0,0,0,L1HEB,nf,s,5,65
L1HEB027,derej,1,1,1,L1HEB,f,s,7,65
L1HEB027,jatzerim,1,0,1,L1HEB,nf,p,5,65
L1HEB027,guefen,0,1,0,L1HEB,nf,s,3,65
L1HEB027,raglaim,1,1,1,L1HEB,f,p,9,65
L1HEB027,drajim,1,1,1,L1HEB,f,p,7,65
L1HEB027,ir,1,1,1,L1HEB,f,s,7,65
L1HEB027,reguel,1,1,1,L1HEB,f,s,9,65
L1HEB027,kikarim,1,0,0,L1HEB,nf,p,5,65
L1HEB027,jatzer,1,1,1,L1HEB,nf,s,5,65
L1HEB027,arim,1,1,1,L1HEB,f,p,6,65
L1HEB028,naal,1,1,1,L1HEB,f,s,6,64
L1HEB028,eben,1,1,1,L1HEB,nf,s,4,64
L1HEB028,abanim,1,1,1,L1HEB,nf,p,4,64
L1HEB028,gfanim,0,0,0,L1HEB,nf,p,3,64
L1HEB028,naalaim,1,1,1,L1HEB,f,p,7,64
L1HEB028,kikar,0,1,0,L1HEB,nf,s,5,64
L1HEB028,derej,1,1,1,L1HEB,f,s,6,64
L1HEB028,jatzerim,0,1,1,L1HEB,nf,p,3,64
L1HEB028,guefen,0,0,0,L1HEB,nf,s,3,64
L1HEB028,raglaim,1,1,1,L1HEB,f,p,7,64
L1HEB028,drajim,1,1,1,L1HEB,f,p,5,64
L1HEB028,ir,1,1,1,L1HEB,f,s,6,64
L1HEB028,reguel,1,1,1,L1HEB,f,s,7,64
L1HEB028,kikarim,0,0,0,L1HEB,nf,p,3,64
L1HEB028,jatzer,1,1,1,L1HEB,nf,s,4,64
L1HEB028,arim,1,1,1,L1HEB,f,p,4,64
L1HEB029,naal,1,1,1,L1HEB,f,s,8,63
L1HEB029,eben,1,1,1,L1HEB,nf,s,9,63
L1HEB029,abanim,1,1,1,L1HEB,nf,p,7,63
L1HEB029,gfanim,0,1,1,L1HEB,nf,p,7,63
L1HEB029,naalaim,1,1,1,L1HEB,f,p,8,63
L1HEB029,kikar,1,0,1,L1HEB,nf,s,8,63
L1HEB029,derej,1,1,1,L1HEB,f,s,9,63
L1HEB029,jatzerim,1,1,0,L1HEB,nf,p,8,63
L1HEB029,guefen,0,0,0,L1HEB,nf,s,7,63
L1HEB029,raglaim,1,1,1,L1HEB,f,p,9,63
L1HEB029,drajim,0,1,1,L1HEB,f,p,9,63
L1HEB029,ir,1,1,1,L1HEB,f,s,8,63
L1HEB029,reguel,0,1,1,L1HEB,f,s,9,63
L1HEB029,kikarim,1,0,0,L1HEB,nf,p,8,63
L1HEB029,jatzer,1,1,1,L1HEB,nf,s,8,63
L1HEB029,arim,0,0,1,L1HEB,f,p,9,63
L1HEB030,naal,1,1,1,L1HEB,f,s,9,65
L1HEB030,eben,1,1,1,L1HEB,nf,s,6,65
L1HEB030,abanim,1,1,1,L1HEB,nf,p,6,65
L1HEB030,gfanim,0,0,0,L1HEB,nf,p,3,65
L1HEB030,naalaim,1,1,1,L1HEB,f,p,9,65
L1HEB030,kikar,1,1,1,L1HEB,nf,s,9,65
L1HEB030,derej,1,1,1,L1HEB,f,s,8,65
L1HEB030,jatzerim,0,0,1,L1HEB,nf,p,6,65
L1HEB030,guefen,0,0,0,L1HEB,nf,s,3,65
L1HEB030,raglaim,1,1,1,L1HEB,f,p,9,65
L1HEB030,drajim,1,1,1,L1HEB,f,p,8,65
L1HEB030,ir,1,1,1,L1HEB,f,s,8,65
L1HEB030,reguel,1,1,1,L1HEB,f,s,9,65
L1HEB030,kikarim,0,1,0,L1HEB,nf,p,2,65
L1HEB030,jatzer,1,1,1,L1HEB,nf,s,8,65
L1HEB030,arim,1,1,1,L1HEB,f,p,7,65
L1HEB031,naal,1,1,1,L1HEB,f,s,5,63
L1HEB031,eben,1,1,1,L1HEB,nf,s,3,63
L1HEB031,abanim,0,1,1,L1HEB,nf,p,3,63
L1HEB031,gfanim,0,0,0,L1HEB,nf,p,2,63
L1HEB031,naalaim,0,1,1,L1HEB,f,p,7,63
L1HEB031,kikar,1,0,1,L1HEB,nf,s,7,63
L1HEB031,derej,1,1,1,L1HEB,f,s,7,63
L1HEB031,jatzerim,0,0,0,L1HEB,nf,p,2,63
L1HEB031,guefen,0,0,0,L1HEB,nf,s,2,63
L1HEB031,raglaim,1,1,1,L1HEB,f,p,5,63
L1HEB031,drajim,1,1,1,L1HEB,f,p,7,63
L1HEB031,ir,1,1,1,L1HEB,f,s,5,63
L1HEB031,reguel,1,1,1,L1HEB,f,s,5,63
L1HEB031,kikarim,0,0,0,L1HEB,nf,p,2,63
L1HEB031,jatzer,1,1,1,L1HEB,nf,s,8,63
L1HEB031,arim,0,1,1,L1HEB,f,p,7,63
L1HEB032,naal,0,1,1,L1HEB,f,s,6,62
L1HEB032,eben,0,1,1,L1HEB,nf,s,3,62
L1HEB032,abanim,0,1,1,L1HEB,nf,p,4,62
L1HEB032,gfanim,0,1,1,L1HEB,nf,p,2,62
L1HEB032,naalaim,0,1,1,L1HEB,f,p,6,62
L1HEB032,kikar,1,1,1,L1HEB,nf,s,5,62
L1HEB032,derej,1,1,1,L1HEB,f,s,7,62
L1HEB032,jatzerim,1,1,1,L1HEB,nf,p,3,62
L1HEB032,guefen,1,1,1,L1HEB,nf,s,3,62
L1HEB032,raglaim,1,1,1,L1HEB,f,p,6,62
L1HEB032,drajim,1,1,1,L1HEB,f,p,5,62
L1HEB032,ir,1,1,1,L1HEB,f,s,7,62
L1HEB032,reguel,1,1,1,L1HEB,f,s,6,62
L1HEB032,kikarim,1,1,1,L1HEB,nf,p,3,62
L1HEB032,jatzer,1,1,1,L1HEB,nf,s,4,62
L1HEB032,arim,1,1,1,L1HEB,f,p,5,62
L1SPAN001,ciudad,1,1,1,L1SPANISH,f,s,,67
L1SPAN001,hermandades,1,1,1,L1SPANISH,nf,p,,67
L1SPAN001,oracion,1,1,1,L1SPANISH,f,s,,67
L1SPAN001,cancion ,1,1,1,L1SPANISH,f,s,,67
L1SPAN001,respiracion,1,1,1,L1SPANISH,nf,s,,67
L1SPAN001,hermandad,1,1,,L1SPANISH,nf,s,,67
L1SPAN001,inundaciones,1,1,1,L1SPANISH,nf,p,,67
L1SPAN001,respiraciones,1,1,1,L1SPANISH,nf,p,,67
L1SPAN001,habitaciones,1,1,1,L1SPANISH,f,p,,67
L1SPAN001,soledades,1,1,1,L1SPANISH,nf,p,,67
L1SPAN001,habitacion,1,1,1,L1SPANISH,f,s,,67
L1SPAN001,oraciones,1,1,1,L1SPANISH,f,p,,67
L1SPAN001,soledad,1,1,1,L1SPANISH,nf,s,,67
L1SPAN001,ciudades,1,1,1,L1SPANISH,f,p,,67
L1SPAN001,inundacion,1,1,1,L1SPANISH,nf,s,,67
L1SPAN001,canciones,1,1,1,L1SPANISH,f,p,,67
L1SPAN002,ciudad,1,1,1,L1SPANISH,f,s,6,67
L1SPAN002,hermandades,0,1,1,L1SPANISH,nf,p,1,67
L1SPAN002,oracion,1,1,1,L1SPANISH,f,s,5,67
L1SPAN002,cancion ,1,1,1,L1SPANISH,f,s,7,67
L1SPAN002,respiracion,1,1,1,L1SPANISH,nf,s,4,67
L1SPAN002,hermandad,1,1,1,L1SPANISH,nf,s,1,67
L1SPAN002,inundaciones,1,1,1,L1SPANISH,nf,p,3,67
L1SPAN002,respiraciones,1,1,1,L1SPANISH,nf,p,2,67
L1SPAN002,habitaciones,1,1,1,L1SPANISH,f,p,1,67
L1SPAN002,soledades,1,1,1,L1SPANISH,nf,p,1,67
L1SPAN002,habitacion,1,1,0,L1SPANISH,f,s,3,67
L1SPAN002,oraciones,1,1,1,L1SPANISH,f,p,4,67
L1SPAN002,soledad,1,1,1,L1SPANISH,nf,s,4,67
L1SPAN002,ciudades,1,1,1,L1SPANISH,f,p,2,67
L1SPAN002,inundacion,1,1,1,L1SPANISH,nf,s,3,67
L1SPAN002,canciones,1,1,1,L1SPANISH,f,p,5,67
L1SPAN003,ciudad,1,1,1,L1SPANISH,f,s,8,64
L1SPAN003,hermandades,1,1,1,L1SPANISH,nf,p,4,64
L1SPAN003,oracion,1,1,1,L1SPANISH,f,s,8,64
L1SPAN003,cancion ,1,1,1,L1SPANISH,f,s,9,64
L1SPAN003,respiracion,1,1,0,L1SPANISH,nf,s,5,64
L1SPAN003,hermandad,1,1,1,L1SPANISH,nf,s,4,64
L1SPAN003,inundaciones,1,1,1,L1SPANISH,nf,p,3,64
L1SPAN003,respiraciones,1,1,1,L1SPANISH,nf,p,5,64
L1SPAN003,habitaciones,1,1,1,L1SPANISH,f,p,4,64
L1SPAN003,soledades,1,1,1,L1SPANISH,nf,p,4,64
L1SPAN003,habitacion,1,1,1,L1SPANISH,f,s,7,64
L1SPAN003,oraciones,1,1,1,L1SPANISH,f,p,7,64
L1SPAN003,soledad,1,1,1,L1SPANISH,nf,s,4,64
L1SPAN003,ciudades,1,1,1,L1SPANISH,f,p,6,64
L1SPAN003,inundacion,1,1,1,L1SPANISH,nf,s,3,64
L1SPAN003,canciones,1,1,1,L1SPANISH,f,p,9,64
L1SPAN004,ciudad,1,1,1,L1SPANISH,f,s,9,63
L1SPAN004,hermandades,1,1,1,L1SPANISH,nf,p,3,63
L1SPAN004,oracion,1,1,1,L1SPANISH,f,s,8,63
L1SPAN004,cancion ,1,1,1,L1SPANISH,f,s,9,63
L1SPAN004,respiracion,1,1,1,L1SPANISH,nf,s,9,63
L1SPAN004,hermandad,1,1,1,L1SPANISH,nf,s,4,63
L1SPAN004,inundaciones,1,1,1,L1SPANISH,nf,p,3,63
L1SPAN004,respiraciones,1,1,1,L1SPANISH,nf,p,7,63
L1SPAN004,habitaciones,1,1,1,L1SPANISH,f,p,4,63
L1SPAN004,soledades,1,1,1,L1SPANISH,nf,p,5,63
L1SPAN004,habitacion,1,1,1,L1SPANISH,f,s,4,63
L1SPAN004,oraciones,1,1,1,L1SPANISH,f,p,7,63
L1SPAN004,soledad,1,1,1,L1SPANISH,nf,s,5,63
L1SPAN004,ciudades,1,1,1,L1SPANISH,f,p,4,63
L1SPAN004,inundacion,1,1,1,L1SPANISH,nf,s,3,63
L1SPAN004,canciones,1,1,1,L1SPANISH,f,p,7,63
L1SPAN005,ciudad,1,1,1,L1SPANISH,f,s,9,63
L1SPAN005,hermandades,1,1,1,L1SPANISH,nf,p,3,63
L1SPAN005,oracion,1,1,1,L1SPANISH,f,s,7,63
L1SPAN005,cancion ,1,1,1,L1SPANISH,f,s,8,63
L1SPAN005,respiracion,1,1,1,L1SPANISH,nf,s,7,63
L1SPAN005,hermandad,1,1,1,L1SPANISH,nf,s,3,63
L1SPAN005,inundaciones,1,1,1,L1SPANISH,nf,p,5,63
L1SPAN005,respiraciones,1,1,1,L1SPANISH,nf,p,5,63
L1SPAN005,habitaciones,1,1,1,L1SPANISH,f,p,4,63
L1SPAN005,soledades,1,1,1,L1SPANISH,nf,p,1,63
L1SPAN005,habitacion,1,1,1,L1SPANISH,f,s,7,63
L1SPAN005,oraciones,1,1,1,L1SPANISH,f,p,6,63
L1SPAN005,soledad,1,1,1,L1SPANISH,nf,s,7,63
L1SPAN005,ciudades,1,1,1,L1SPANISH,f,p,8,63
L1SPAN005,inundacion,1,1,1,L1SPANISH,nf,s,6,63
L1SPAN005,canciones,1,1,1,L1SPANISH,f,p,7,63
L1SPAN006,ciudad,1,1,1,L1SPANISH,f,s,3,63
L1SPAN006,hermandades,1,1,1,L1SPANISH,nf,p,2,63
L1SPAN006,oracion,1,1,1,L1SPANISH,f,s,5,63
L1SPAN006,cancion ,1,1,1,L1SPANISH,f,s,5,63
L1SPAN006,respiracion,1,1,1,L1SPANISH,nf,s,5,63
L1SPAN006,hermandad,1,1,1,L1SPANISH,nf,s,2,63
L1SPAN006,inundaciones,1,1,1,L1SPANISH,nf,p,2,63
L1SPAN006,respiraciones,1,1,1,L1SPANISH,nf,p,3,63
L1SPAN006,habitaciones,1,1,1,L1SPANISH,f,p,5,63
L1SPAN006,soledades,1,0,1,L1SPANISH,nf,p,1,63
L1SPAN006,habitacion,1,1,1,L1SPANISH,f,s,5,63
L1SPAN006,oraciones,1,0,1,L1SPANISH,f,p,3,63
L1SPAN006,soledad,1,1,1,L1SPANISH,nf,s,2,63
L1SPAN006,ciudades,1,0,1,L1SPANISH,f,p,3,63
L1SPAN006,inundacion,1,0,1,L1SPANISH,nf,s,2,63
L1SPAN006,canciones,1,0,1,L1SPANISH,f,p,5,63
L1SPAN007,ciudad,1,1,1,L1SPANISH,f,s,3,65
L1SPAN007,hermandades,1,1,0,L1SPANISH,nf,p,1,65
L1SPAN007,oracion,1,1,0,L1SPANISH,f,s,4,65
L1SPAN007,cancion ,1,1,1,L1SPANISH,f,s,9,65
L1SPAN007,respiracion,1,1,1,L1SPANISH,nf,s,4,65
L1SPAN007,hermandad,1,1,1,L1SPANISH,nf,s,1,65
L1SPAN007,inundaciones,1,1,1,L1SPANISH,nf,p,1,65
L1SPAN007,respiraciones,1,1,1,L1SPANISH,nf,p,1,65
L1SPAN007,habitaciones,1,1,1,L1SPANISH,f,p,1,65
L1SPAN007,soledades,1,1,1,L1SPANISH,nf,p,1,65
L1SPAN007,habitacion,1,1,1,L1SPANISH,f,s,1,65
L1SPAN007,oraciones,1,1,0,L1SPANISH,f,p,4,65
L1SPAN007,soledad,1,1,1,L1SPANISH,nf,s,3,65
L1SPAN007,ciudades,1,1,1,L1SPANISH,f,p,3,65
L1SPAN007,inundacion,1,1,1,L1SPANISH,nf,s,4,65
L1SPAN007,canciones,1,1,1,L1SPANISH,f,p,9,65
L1SPAN008,ciudad,1,1,1,L1SPANISH,f,s,6,65
L1SPAN008,hermandades,1,1,1,L1SPANISH,nf,p,2,65
L1SPAN008,oracion,1,1,1,L1SPANISH,f,s,6,65
L1SPAN008,cancion ,1,1,1,L1SPANISH,f,s,8,65
L1SPAN008,respiracion,1,1,1,L1SPANISH,nf,s,5,65
L1SPAN008,hermandad,1,1,1,L1SPANISH,nf,s,2,65
L1SPAN008,inundaciones,1,1,1,L1SPANISH,nf,p,4,65
L1SPAN008,respiraciones,1,1,1,L1SPANISH,nf,p,2,65
L1SPAN008,habitaciones,1,1,1,L1SPANISH,f,p,2,65
L1SPAN008,soledades,1,1,1,L1SPANISH,nf,p,1,65
L1SPAN008,habitacion,1,1,1,L1SPANISH,f,s,2,65
L1SPAN008,oraciones,1,1,1,L1SPANISH,f,p,4,65
L1SPAN008,soledad,1,1,1,L1SPANISH,nf,s,3,65
L1SPAN008,ciudades,1,1,1,L1SPANISH,f,p,3,65
L1SPAN008,inundacion,1,1,1,L1SPANISH,nf,s,3,65
L1SPAN008,canciones,1,1,1,L1SPANISH,f,p,7,65
L1SPAN009,ciudad,0,1,1,L1SPANISH,f,s,7,65
L1SPAN009,hermandades,0,1,0,L1SPANISH,nf,p,1,65
L1SPAN009,oracion,1,1,1,L1SPANISH,f,s,5,65
L1SPAN009,cancion ,0,1,1,L1SPANISH,f,s,7,65
L1SPAN009,respiracion,0,1,1,L1SPANISH,nf,s,7,65
L1SPAN009,hermandad,0,1,1,L1SPANISH,nf,s,3,65
L1SPAN009,inundaciones,1,1,1,L1SPANISH,nf,p,2,65
L1SPAN009,respiraciones,1,1,1,L1SPANISH,nf,p,3,65
L1SPAN009,habitaciones,0,1,1,L1SPANISH,f,p,2,65
L1SPAN009,soledades,1,1,1,L1SPANISH,nf,p,1,65
L1SPAN009,habitacion,0,1,1,L1SPANISH,f,s,2,65
L1SPAN009,oraciones,1,1,1,L1SPANISH,f,p,2,65
L1SPAN009,soledad,1,1,1,L1SPANISH,nf,s,3,65
L1SPAN009,ciudades,1,1,1,L1SPANISH,f,p,5,65
L1SPAN009,inundacion,0,1,0,L1SPANISH,nf,s,3,65
L1SPAN009,canciones,1,1,1,L1SPANISH,f,p,7,65
L1SPAN010,ciudad,1,1,1,L1SPANISH,f,s,7,65
L1SPAN010,hermandades,1,1,1,L1SPANISH,nf,p,2,65
L1SPAN010,oracion,1,1,1,L1SPANISH,f,s,2,65
L1SPAN010,cancion ,1,1,1,L1SPANISH,f,s,9,65
L1SPAN010,respiracion,1,1,1,L1SPANISH,nf,s,5,65
L1SPAN010,hermandad,1,1,1,L1SPANISH,nf,s,2,65
L1SPAN010,inundaciones,1,1,1,L1SPANISH,nf,p,3,65
L1SPAN010,respiraciones,1,1,1,L1SPANISH,nf,p,5,65
L1SPAN010,habitaciones,1,1,1,L1SPANISH,f,p,5,65
L1SPAN010,soledades,1,1,1,L1SPANISH,nf,p,4,65
L1SPAN010,habitacion,1,1,1,L1SPANISH,f,s,6,65
L1SPAN010,oraciones,1,1,1,L1SPANISH,f,p,2,65
L1SPAN010,soledad,1,1,1,L1SPANISH,nf,s,6,65
L1SPAN010,ciudades,1,1,1,L1SPANISH,f,p,7,65
L1SPAN010,inundacion,1,1,1,L1SPANISH,nf,s,3,65
L1SPAN010,canciones,1,1,1,L1SPANISH,f,p,8,65
L1SPAN011,ciudad,1,1,1,L1SPANISH,f,s,4,62
L1SPAN011,hermandades,1,1,1,L1SPANISH,nf,p,3,62
L1SPAN011,oracion,1,1,1,L1SPANISH,f,s,3,62
L1SPAN011,cancion ,1,1,1,L1SPANISH,f,s,7,62
L1SPAN011,respiracion,1,1,1,L1SPANISH,nf,s,7,62
L1SPAN011,hermandad,1,1,1,L1SPANISH,nf,s,3,62
L1SPAN011,inundaciones,1,1,1,L1SPANISH,nf,p,3,62
L1SPAN011,respiraciones,1,1,1,L1SPANISH,nf,p,5,62
L1SPAN011,habitaciones,1,1,1,L1SPANISH,f,p,2,62
L1SPAN011,soledades,1,1,1,L1SPANISH,nf,p,1,62
L1SPAN011,habitacion,1,1,1,L1SPANISH,f,s,1,62
L1SPAN011,oraciones,1,1,1,L1SPANISH,f,p,3,62
L1SPAN011,soledad,1,1,1,L1SPANISH,nf,s,3,62
L1SPAN011,ciudades,1,1,1,L1SPANISH,f,p,3,62
L1SPAN011,inundacion,1,1,1,L1SPANISH,nf,s,3,62
L1SPAN011,canciones,1,1,1,L1SPANISH,f,p,5,62
L1SPAN012,ciudad,1,1,1,L1SPANISH,f,s,7,63
L1SPAN012,hermandades,1,1,1,L1SPANISH,nf,p,2,63
L1SPAN012,oracion,1,1,1,L1SPANISH,f,s,4,63
L1SPAN012,cancion ,1,1,1,L1SPANISH,f,s,7,63
L1SPAN012,respiracion,1,1,1,L1SPANISH,nf,s,4,63
L1SPAN012,hermandad,1,1,1,L1SPANISH,nf,s,2,63
L1SPAN012,inundaciones,1,1,1,L1SPANISH,nf,p,2,63
L1SPAN012,respiraciones,1,1,1,L1SPANISH,nf,p,2,63
L1SPAN012,habitaciones,1,1,1,L1SPANISH,f,p,2,63
L1SPAN012,soledades,1,1,1,L1SPANISH,nf,p,2,63
L1SPAN012,habitacion,1,1,1,L1SPANISH,f,s,4,63
L1SPAN012,oraciones,1,1,1,L1SPANISH,f,p,2,63
L1SPAN012,soledad,1,1,1,L1SPANISH,nf,s,2,63
L1SPAN012,ciudades,1,1,1,L1SPANISH,f,p,4,63
L1SPAN012,inundacion,1,1,1,L1SPANISH,nf,s,2,63
L1SPAN012,canciones,1,1,1,L1SPANISH,f,p,6,63
L1SPAN013,ciudad,1,1,1,L1SPANISH,f,s,3,65
L1SPAN013,hermandades,1,1,1,L1SPANISH,nf,p,1,65
L1SPAN013,oracion,1,1,1,L1SPANISH,f,s,7,65
L1SPAN013,cancion ,1,1,1,L1SPANISH,f,s,7,65
L1SPAN013,respiracion,1,1,1,L1SPANISH,nf,s,5,65
L1SPAN013,hermandad,1,1,1,L1SPANISH,nf,s,3,65
L1SPAN013,inundaciones,1,1,1,L1SPANISH,nf,p,3,65
L1SPAN013,respiraciones,1,1,1,L1SPANISH,nf,p,2,65
L1SPAN013,habitaciones,1,1,1,L1SPANISH,f,p,2,65
L1SPAN013,soledades,1,1,1,L1SPANISH,nf,p,1,65
L1SPAN013,habitacion,1,1,1,L1SPANISH,f,s,3,65
L1SPAN013,oraciones,1,1,1,L1SPANISH,f,p,7,65
L1SPAN013,soledad,1,1,1,L1SPANISH,nf,s,3,65
L1SPAN013,ciudades,1,1,1,L1SPANISH,f,p,3,65
L1SPAN013,inundacion,1,1,1,L1SPANISH,nf,s,2,65
L1SPAN013,canciones,1,1,1,L1SPANISH,f,p,7,65
L1SPAN014,ciudad,1,1,1,L1SPANISH,f,s,7,65
L1SPAN014,hermandades,1,1,1,L1SPANISH,nf,p,6,65
L1SPAN014,oracion,1,1,1,L1SPANISH,f,s,9,65
L1SPAN014,cancion ,1,1,1,L1SPANISH,f,s,9,65
L1SPAN014,respiracion,1,1,1,L1SPANISH,nf,s,7,65
L1SPAN014,hermandad,1,1,1,L1SPANISH,nf,s,7,65
L1SPAN014,inundaciones,1,1,1,L1SPANISH,nf,p,4,65
L1SPAN014,respiraciones,1,1,1,L1SPANISH,nf,p,7,65
L1SPAN014,habitaciones,1,1,1,L1SPANISH,f,p,5,65
L1SPAN014,soledades,1,1,1,L1SPANISH,nf,p,3,65
L1SPAN014,habitacion,1,1,1,L1SPANISH,f,s,6,65
L1SPAN014,oraciones,1,1,1,L1SPANISH,f,p,9,65
L1SPAN014,soledad,1,1,1,L1SPANISH,nf,s,7,65
L1SPAN014,ciudades,1,1,1,L1SPANISH,f,p,5,65
L1SPAN014,inundacion,1,1,1,L1SPANISH,nf,s,4,65
L1SPAN014,canciones,1,1,1,L1SPANISH,f,p,8,65
L1SPAN015,ciudad,1,1,1,L1SPANISH,f,s,5,64
L1SPAN015,hermandades,1,1,1,L1SPANISH,nf,p,2,64
L1SPAN015,oracion,1,1,1,L1SPANISH,f,s,7,64
L1SPAN015,cancion ,1,1,1,L1SPANISH,f,s,5,64
L1SPAN015,respiracion,1,1,1,L1SPANISH,nf,s,3,64
L1SPAN015,hermandad,1,1,,L1SPANISH,nf,s,2,64
L1SPAN015,inundaciones,1,1,1,L1SPANISH,nf,p,3,64
L1SPAN015,respiraciones,1,1,1,L1SPANISH,nf,p,1,64
L1SPAN015,habitaciones,1,1,1,L1SPANISH,f,p,3,64
L1SPAN015,soledades,1,1,1,L1SPANISH,nf,p,2,64
L1SPAN015,habitacion,1,1,,L1SPANISH,f,s,5,64
L1SPAN015,oraciones,1,1,1,L1SPANISH,f,p,5,64
L1SPAN015,soledad,1,1,1,L1SPANISH,nf,s,2,64
L1SPAN015,ciudades,1,1,1,L1SPANISH,f,p,3,64
L1SPAN015,inundacion,1,1,1,L1SPANISH,nf,s,3,64
L1SPAN015,canciones,1,1,1,L1SPANISH,f,p,3,64
L1SPAN016,ciudad,1,1,1,L1SPANISH,f,s,8,64
L1SPAN016,hermandades,1,1,1,L1SPANISH,nf,p,3,64
L1SPAN016,oracion,1,1,1,L1SPANISH,f,s,9,64
L1SPAN016,cancion ,1,1,1,L1SPANISH,f,s,9,64
L1SPAN016,respiracion,1,1,1,L1SPANISH,nf,s,3,64
L1SPAN016,hermandad,1,1,1,L1SPANISH,nf,s,8,64
L1SPAN016,inundaciones,1,1,1,L1SPANISH,nf,p,5,64
L1SPAN016,respiraciones,1,1,1,L1SPANISH,nf,p,5,64
L1SPAN016,habitaciones,1,1,1,L1SPANISH,f,p,7,64
L1SPAN016,soledades,1,1,1,L1SPANISH,nf,p,5,64
L1SPAN016,habitacion,1,1,1,L1SPANISH,f,s,6,64
L1SPAN016,oraciones,1,1,1,L1SPANISH,f,p,4,64
L1SPAN016,soledad,1,1,1,L1SPANISH,nf,s,4,64
L1SPAN016,ciudades,1,1,1,L1SPANISH,f,p,7,64
L1SPAN016,inundacion,1,1,1,L1SPANISH,nf,s,,64
L1SPAN016,canciones,1,1,,L1SPANISH,f,p,6,64
L1SPAN017,ciudad,1,1,1,L1SPANISH,f,s,7,67
L1SPAN017,hermandades,1,1,1,L1SPANISH,nf,p,1,67
L1SPAN017,oracion,1,1,1,L1SPANISH,f,s,6,67
L1SPAN017,cancion ,1,1,1,L1SPANISH,f,s,9,67
L1SPAN017,respiracion,1,1,1,L1SPANISH,nf,s,5,67
L1SPAN017,hermandad,1,1,1,L1SPANISH,nf,s,1,67
L1SPAN017,inundaciones,1,1,1,L1SPANISH,nf,p,3,67
L1SPAN017,respiraciones,1,1,1,L1SPANISH,nf,p,4,67
L1SPAN017,habitaciones,1,1,1,L1SPANISH,f,p,9,67
L1SPAN017,soledades,1,1,1,L1SPANISH,nf,p,1,67
L1SPAN017,habitacion,1,1,1,L1SPANISH,f,s,9,67
L1SPAN017,oraciones,1,1,1,L1SPANISH,f,p,7,67
L1SPAN017,soledad,1,1,1,L1SPANISH,nf,s,3,67
L1SPAN017,ciudades,1,1,1,L1SPANISH,f,p,7,67
L1SPAN017,inundacion,1,1,1,L1SPANISH,nf,s,3,67
L1SPAN017,canciones,1,1,1,L1SPANISH,f,p,9,67
L1SPAN018,ciudad,1,1,1,L1SPANISH,f,s,5,67
L1SPAN018,hermandades,1,1,0,L1SPANISH,nf,p,3,67
L1SPAN018,oracion,1,1,1,L1SPANISH,f,s,7,67
L1SPAN018,cancion ,1,1,1,L1SPANISH,f,s,9,67
L1SPAN018,respiracion,1,1,1,L1SPANISH,nf,s,6,67
L1SPAN018,hermandad,1,1,1,L1SPANISH,nf,s,4,67
L1SPAN018,inundaciones,1,1,1,L1SPANISH,nf,p,3,67
L1SPAN018,respiraciones,1,1,1,L1SPANISH,nf,p,5,67
L1SPAN018,habitaciones,1,1,1,L1SPANISH,f,p,3,67
L1SPAN018,soledades,1,1,1,L1SPANISH,nf,p,5,67
L1SPAN018,habitacion,1,1,1,L1SPANISH,f,s,5,67
L1SPAN018,oraciones,1,1,0,L1SPANISH,f,p,7,67
L1SPAN018,soledad,1,1,1,L1SPANISH,nf,s,4,67
L1SPAN018,ciudades,1,1,1,L1SPANISH,f,p,4,67
L1SPAN018,inundacion,1,1,1,L1SPANISH,nf,s,4,67
L1SPAN018,canciones,1,1,1,L1SPANISH,f,p,8,67
L1SPAN019,ciudad,1,1,1,L1SPANISH,f,s,5,62
L1SPAN019,hermandades,0,1,0,L1SPANISH,nf,p,2,62
L1SPAN019,oracion,1,1,1,L1SPANISH,f,s,5,62
L1SPAN019,cancion ,0,1,1,L1SPANISH,f,s,9,62
L1SPAN019,respiracion,0,1,1,L1SPANISH,nf,s,3,62
L1SPAN019,hermandad,0,1,1,L1SPANISH,nf,s,1,62
L1SPAN019,inundaciones,0,1,1,L1SPANISH,nf,p,1,62
L1SPAN019,respiraciones,0,1,1,L1SPANISH,nf,p,3,62
L1SPAN019,habitaciones,0,1,1,L1SPANISH,f,p,3,62
L1SPAN019,soledades,1,1,1,L1SPANISH,nf,p,2,62
L1SPAN019,habitacion,0,1,1,L1SPANISH,f,s,3,62
L1SPAN019,oraciones,1,1,1,L1SPANISH,f,p,5,62
L1SPAN019,soledad,1,1,1,L1SPANISH,nf,s,3,62
L1SPAN019,ciudades,1,1,1,L1SPANISH,f,p,3,62
L1SPAN019,inundacion,0,1,0,L1SPANISH,nf,s,1,62
L1SPAN019,canciones,0,1,1,L1SPANISH,f,p,7,62
L1SPAN020,ciudad,1,1,1,L1SPANISH,f,s,7,64
L1SPAN020,hermandades,1,1,1,L1SPANISH,nf,p,2,64
L1SPAN020,oracion,1,1,1,L1SPANISH,f,s,7,64
L1SPAN020,cancion ,1,1,1,L1SPANISH,f,s,9,64
L1SPAN020,respiracion,1,1,1,L1SPANISH,nf,s,8,64
L1SPAN020,hermandad,1,1,1,L1SPANISH,nf,s,2,64
L1SPAN020,inundaciones,1,1,1,L1SPANISH,nf,p,2,64
L1SPAN020,respiraciones,1,1,1,L1SPANISH,nf,p,1,64
L1SPAN020,habitaciones,1,1,1,L1SPANISH,f,p,1,64
L1SPAN020,soledades,1,1,1,L1SPANISH,nf,p,1,64
L1SPAN020,habitacion,1,1,1,L1SPANISH,f,s,1,64
L1SPAN020,oraciones,1,1,1,L1SPANISH,f,p,6,64
L1SPAN020,soledad,1,1,1,L1SPANISH,nf,s,4,64
L1SPAN020,ciudades,1,1,1,L1SPANISH,f,p,3,64
L1SPAN020,inundacion,1,1,1,L1SPANISH,nf,s,3,64
L1SPAN020,canciones,1,1,1,L1SPANISH,f,p,8,64
L1SPAN021,ciudad,1,1,1,L1SPANISH,f,s,5,65
L1SPAN021,hermandades,1,1,1,L1SPANISH,nf,p,3,65
L1SPAN021,oracion,1,1,1,L1SPANISH,f,s,7,65
L1SPAN021,cancion ,1,1,1,L1SPANISH,f,s,7,65
L1SPAN021,respiracion,1,1,1,L1SPANISH,nf,s,7,65
L1SPAN021,hermandad,1,1,1,L1SPANISH,nf,s,2,65
L1SPAN021,inundaciones,1,1,1,L1SPANISH,nf,p,2,65
L1SPAN021,respiraciones,1,1,1,L1SPANISH,nf,p,2,65
L1SPAN021,habitaciones,1,1,1,L1SPANISH,f,p,1,65
L1SPAN021,soledades,1,1,1,L1SPANISH,nf,p,1,65
L1SPAN021,habitacion,1,1,1,L1SPANISH,f,s,1,65
L1SPAN021,oraciones,1,1,,L1SPANISH,f,p,5,65
L1SPAN021,soledad,1,1,1,L1SPANISH,nf,s,5,65
L1SPAN021,ciudades,1,1,1,L1SPANISH,f,p,2,65
L1SPAN021,inundacion,1,1,1,L1SPANISH,nf,s,3,65
L1SPAN021,canciones,1,1,1,L1SPANISH,f,p,5,65
L1SPAN022,ciudad,1,1,1,L1SPANISH,f,s,7,65
L1SPAN022,hermandades,1,1,1,L1SPANISH,nf,p,2,65
L1SPAN022,oracion,1,1,1,L1SPANISH,f,s,7,65
L1SPAN022,cancion ,1,1,1,L1SPANISH,f,s,7,65
L1SPAN022,respiracion,1,1,1,L1SPANISH,nf,s,5,65
L1SPAN022,hermandad,1,1,1,L1SPANISH,nf,s,2,65
L1SPAN022,inundaciones,1,1,1,L1SPANISH,nf,p,3,65
L1SPAN022,respiraciones,1,1,1,L1SPANISH,nf,p,2,65
L1SPAN022,habitaciones,1,1,1,L1SPANISH,f,p,5,65
L1SPAN022,soledades,1,1,1,L1SPANISH,nf,p,1,65
L1SPAN022,habitacion,1,1,1,L1SPANISH,f,s,5,65
L1SPAN022,oraciones,1,1,1,L1SPANISH,f,p,7,65
L1SPAN022,soledad,1,1,1,L1SPANISH,nf,s,5,65
L1SPAN022,ciudades,1,1,1,L1SPANISH,f,p,7,65
L1SPAN022,inundacion,1,1,1,L1SPANISH,nf,s,3,65
L1SPAN022,canciones,1,1,1,L1SPANISH,f,p,7,67
L1SPAN023,ciudad,1,1,1,L1SPANISH,f,s,5,67
L1SPAN023,hermandades,1,1,1,L1SPANISH,nf,p,2,67
L1SPAN023,oracion,1,1,1,L1SPANISH,f,s,3,67
L1SPAN023,cancion ,1,1,1,L1SPANISH,f,s,7,67
L1SPAN023,respiracion,1,1,1,L1SPANISH,nf,s,8,67
L1SPAN023,hermandad,1,1,1,L1SPANISH,nf,s,2,67
L1SPAN023,inundaciones,1,1,1,L1SPANISH,nf,p,4,67
L1SPAN023,respiraciones,1,1,1,L1SPANISH,nf,p,2,67
L1SPAN023,habitaciones,1,1,1,L1SPANISH,f,p,2,67
L1SPAN023,soledades,1,1,1,L1SPANISH,nf,p,1,67
L1SPAN023,habitacion,1,1,1,L1SPANISH,f,s,2,67
L1SPAN023,oraciones,1,1,1,L1SPANISH,f,p,3,67
L1SPAN023,soledad,1,1,1,L1SPANISH,nf,s,5,67
L1SPAN023,ciudades,1,1,1,L1SPANISH,f,p,3,67
L1SPAN023,inundacion,1,1,1,L1SPANISH,nf,s,3,67
L1SPAN023,canciones,1,1,1,L1SPANISH,f,p,8,67
L1SPAN024,ciudad,1,1,1,L1SPANISH,f,s,7,67
L1SPAN024,hermandades,1,1,1,L1SPANISH,nf,p,2,67
L1SPAN024,oracion,1,1,1,L1SPANISH,f,s,8,67
L1SPAN024,cancion ,1,1,1,L1SPANISH,f,s,9,67
L1SPAN024,respiracion,1,1,1,L1SPANISH,nf,s,5,67
L1SPAN024,hermandad,1,1,1,L1SPANISH,nf,s,2,67
L1SPAN024,inundaciones,1,1,1,L1SPANISH,nf,p,3,67
L1SPAN024,respiraciones,1,1,1,L1SPANISH,nf,p,4,67
L1SPAN024,habitaciones,1,1,1,L1SPANISH,f,p,1,67
L1SPAN024,soledades,1,1,1,L1SPANISH,nf,p,1,67
L1SPAN024,habitacion,1,1,1,L1SPANISH,f,s,1,67
L1SPAN024,oraciones,1,1,1,L1SPANISH,f,p,8,67
L1SPAN024,soledad,1,1,1,L1SPANISH,nf,s,3,67
L1SPAN024,ciudades,1,1,1,L1SPANISH,f,p,3,67
L1SPAN024,inundacion,1,1,1,L1SPANISH,nf,s,3,67
L1SPAN024,canciones,1,1,1,L1SPANISH,f,p,8,67
L1SPAN025,ciudad,1,1,1,L1SPANISH,f,s,3,64
L1SPAN025,hermandades,1,1,1,L1SPANISH,nf,p,1,64
L1SPAN025,oracion,1,1,1,L1SPANISH,f,s,3,64
L1SPAN025,cancion ,1,1,1,L1SPANISH,f,s,8,64
L1SPAN025,respiracion,1,1,1,L1SPANISH,nf,s,5,64
L1SPAN025,hermandad,1,1,1,L1SPANISH,nf,s,1,64
L1SPAN025,inundaciones,1,1,1,L1SPANISH,nf,p,2,64
L1SPAN025,respiraciones,1,1,1,L1SPANISH,nf,p,3,64
L1SPAN025,habitaciones,1,1,1,L1SPANISH,f,p,2,64
L1SPAN025,soledades,1,1,1,L1SPANISH,nf,p,1,64
L1SPAN025,habitacion,1,1,1,L1SPANISH,f,s,2,64
L1SPAN025,oraciones,1,1,1,L1SPANISH,f,p,3,64
L1SPAN025,soledad,1,1,1,L1SPANISH,nf,s,5,64
L1SPAN025,ciudades,1,1,1,L1SPANISH,f,p,3,64
L1SPAN025,inundacion,1,1,1,L1SPANISH,nf,s,2,64
L1SPAN025,canciones,1,1,1,L1SPANISH,f,p,7,64
L1SPAN026,ciudad,1,1,1,L1SPANISH,f,s,9,64
L1SPAN026,hermandades,1,0,0,L1SPANISH,nf,p,1,64
L1SPAN026,oracion,1,1,0,L1SPANISH,f,s,4,64
L1SPAN026,cancion ,1,1,1,L1SPANISH,f,s,8,64
L1SPAN026,respiracion,0,1,1,L1SPANISH,nf,s,8,64
L1SPAN026,hermandad,1,0,0,L1SPANISH,nf,s,2,64
L1SPAN026,inundaciones,1,1,1,L1SPANISH,nf,p,2,64
L1SPAN026,respiraciones,0,1,1,L1SPANISH,nf,p,7,64
L1SPAN026,habitaciones,1,1,1,L1SPANISH,f,p,9,64
L1SPAN026,soledades,1,1,1,L1SPANISH,nf,p,3,64
L1SPAN026,habitacion,1,1,1,L1SPANISH,f,s,9,64
L1SPAN026,oraciones,0,1,1,L1SPANISH,f,p,2,64
L1SPAN026,soledad,1,1,1,L1SPANISH,nf,s,2,64
L1SPAN026,ciudades,0,1,1,L1SPANISH,f,p,9,64
L1SPAN026,inundacion,1,1,1,L1SPANISH,nf,s,2,64
L1SPAN026,canciones,0,1,1,L1SPANISH,f,p,6,64
L1SPAN027,ciudad,1,1,1,L1SPANISH,f,s,5,65
L1SPAN027,hermandades,1,1,1,L1SPANISH,nf,p,5,65
L1SPAN027,oracion,1,1,1,L1SPANISH,f,s,5,65
L1SPAN027,cancion ,1,1,1,L1SPANISH,f,s,9,65
L1SPAN027,respiracion,1,1,1,L1SPANISH,nf,s,3,65
L1SPAN027,hermandad,1,1,1,L1SPANISH,nf,s,3,65
L1SPAN027,inundaciones,1,1,1,L1SPANISH,nf,p,2,65
L1SPAN027,respiraciones,1,1,1,L1SPANISH,nf,p,3,65
L1SPAN027,habitaciones,1,1,1,L1SPANISH,f,p,2,65
L1SPAN027,soledades,1,1,1,L1SPANISH,nf,p,2,65
L1SPAN027,habitacion,1,1,1,L1SPANISH,f,s,3,65
L1SPAN027,oraciones,1,1,1,L1SPANISH,f,p,5,65
L1SPAN027,soledad,1,1,1,L1SPANISH,nf,s,3,65
L1SPAN027,ciudades,1,1,1,L1SPANISH,f,p,5,65
L1SPAN027,inundacion,0,1,1,L1SPANISH,nf,s,2,65
L1SPAN027,canciones,1,1,1,L1SPANISH,f,p,5,65
L1SPAN028,ciudad,1,1,1,L1SPANISH,f,s,8,67
L1SPAN028,hermandades,1,1,1,L1SPANISH,nf,p,1,67
L1SPAN028,oracion,1,1,1,L1SPANISH,f,s,6,67
L1SPAN028,cancion ,1,1,1,L1SPANISH,f,s,9,67
L1SPAN028,respiracion,1,1,1,L1SPANISH,nf,s,6,67
L1SPAN028,hermandad,1,1,1,L1SPANISH,nf,s,3,67
L1SPAN028,inundaciones,1,1,1,L1SPANISH,nf,p,3,67
L1SPAN028,respiraciones,1,1,1,L1SPANISH,nf,p,1,67
L1SPAN028,habitaciones,1,1,1,L1SPANISH,f,p,7,67
L1SPAN028,soledades,1,1,1,L1SPANISH,nf,p,1,67
L1SPAN028,habitacion,1,1,1,L1SPANISH,f,s,9,67
L1SPAN028,oraciones,1,1,1,L1SPANISH,f,p,5,67
L1SPAN028,soledad,1,1,1,L1SPANISH,nf,s,5,67
L1SPAN028,ciudades,1,1,1,L1SPANISH,f,p,7,67
L1SPAN028,inundacion,1,1,1,L1SPANISH,nf,s,3,67
L1SPAN028,canciones,1,1,1,L1SPANISH,f,p,8,67
L1SPAN029,ciudad,1,1,1,L1SPANISH,f,s,7,63
L1SPAN029,hermandades,1,1,1,L1SPANISH,nf,p,2,63
L1SPAN029,oracion,1,1,1,L1SPANISH,f,s,4,63
L1SPAN029,cancion ,1,1,1,L1SPANISH,f,s,9,63
L1SPAN029,respiracion,1,1,1,L1SPANISH,nf,s,5,63
L1SPAN029,hermandad,1,1,1,L1SPANISH,nf,s,2,63
L1SPAN029,inundaciones,1,1,1,L1SPANISH,nf,p,3,63
L1SPAN029,respiraciones,1,1,1,L1SPANISH,nf,p,3,63
L1SPAN029,habitaciones,1,1,1,L1SPANISH,f,p,3,63
L1SPAN029,soledades,1,1,1,L1SPANISH,nf,p,1,63
L1SPAN029,habitacion,1,1,1,L1SPANISH,f,s,3,63
L1SPAN029,oraciones,1,1,1,L1SPANISH,f,p,4,63
L1SPAN029,soledad,1,1,1,L1SPANISH,nf,s,5,63
L1SPAN029,ciudades,1,1,1,L1SPANISH,f,p,4,63
L1SPAN029,inundacion,1,1,1,L1SPANISH,nf,s,3,63
L1SPAN029,canciones,1,1,1,L1SPANISH,f,p,7,63
L1SPAN030,ciudad,1,1,1,L1SPANISH,f,s,3,66
L1SPAN030,hermandades,1,1,1,L1SPANISH,nf,p,1,66
L1SPAN030,oracion,1,1,1,L1SPANISH,f,s,8,66
L1SPAN030,cancion ,1,1,1,L1SPANISH,f,s,7,66
L1SPAN030,respiracion,1,1,1,L1SPANISH,nf,s,5,66
L1SPAN030,hermandad,1,1,1,L1SPANISH,nf,s,1,66
L1SPAN030,inundaciones,1,1,1,L1SPANISH,nf,p,2,66
L1SPAN030,respiraciones,1,1,1,L1SPANISH,nf,p,1,66
L1SPAN030,habitaciones,1,1,1,L1SPANISH,f,p,2,66
L1SPAN030,soledades,1,1,1,L1SPANISH,nf,p,1,66
L1SPAN030,habitacion,1,1,1,L1SPANISH,f,s,3,66
L1SPAN030,oraciones,1,1,1,L1SPANISH,f,p,4,66
L1SPAN030,soledad,1,1,1,L1SPANISH,nf,s,2,66
L1SPAN030,ciudades,1,1,1,L1SPANISH,f,p,4,66
L1SPAN030,inundacion,1,1,1,L1SPANISH,nf,s,3,66
L1SPAN030,canciones,1,1,1,L1SPANISH,f,p,8,66
L1SPAN031,ciudad,1,1,1,L1SPANISH,f,s,8,66
L1SPAN031,hermandades,1,1,1,L1SPANISH,nf,p,3,66
L1SPAN031,oracion,1,1,1,L1SPANISH,f,s,9,66
L1SPAN031,cancion ,1,1,1,L1SPANISH,f,s,8,66
L1SPAN031,respiracion,1,1,1,L1SPANISH,nf,s,6,66
L1SPAN031,hermandad,1,1,1,L1SPANISH,nf,s,3,66
L1SPAN031,inundaciones,1,1,1,L1SPANISH,nf,p,4,66
L1SPAN031,respiraciones,1,1,1,L1SPANISH,nf,p,5,66
L1SPAN031,habitaciones,1,1,1,L1SPANISH,f,p,7,66
L1SPAN031,soledades,1,1,1,L1SPANISH,nf,p,3,66
L1SPAN031,habitacion,1,1,1,L1SPANISH,f,s,8,66
L1SPAN031,oraciones,1,1,1,L1SPANISH,f,p,9,66
L1SPAN031,soledad,1,1,1,L1SPANISH,nf,s,4,66
L1SPAN031,ciudades,1,1,1,L1SPANISH,f,p,8,66
L1SPAN031,inundacion,1,1,1,L1SPANISH,nf,s,3,66
L1SPAN031,canciones,1,1,1,L1SPANISH,f,p,8,66
L1SPAN032,ciudad,1,1,1,L1SPANISH,f,s,9,62
L1SPAN032,hermandades,1,1,1,L1SPANISH,nf,p,3,62
L1SPAN032,oracion,1,1,1,L1SPANISH,f,s,9,62
L1SPAN032,cancion ,1,1,1,L1SPANISH,f,s,5,62
L1SPAN032,respiracion,1,1,1,L1SPANISH,nf,s,8,62
L1SPAN032,hermandad,1,1,1,L1SPANISH,nf,s,7,62
L1SPAN032,inundaciones,1,1,1,L1SPANISH,nf,p,8,62
L1SPAN032,respiraciones,1,1,1,L1SPANISH,nf,p,3,62
L1SPAN032,habitaciones,1,1,1,L1SPANISH,f,p,7,62
L1SPAN032,soledades,1,1,1,L1SPANISH,nf,p,2,62
L1SPAN032,habitacion,1,1,1,L1SPANISH,f,s,5,62
L1SPAN032,oraciones,1,1,1,L1SPANISH,f,p,9,62
L1SPAN032,soledad,1,1,1,L1SPANISH,nf,s,6,62
L1SPAN032,ciudades,1,1,1,L1SPANISH,f,p,8,62
L1SPAN032,inundacion,1,1,1,L1SPANISH,nf,s,7,62
L1SPAN032,canciones,1,1,1,L1SPANISH,f,p,5,62
